unsigned char favicon_ico[] = {
  0x00, 0x00, 0x01, 0x00, 0x03, 0x00, 0x13, 0x10, 0x00, 0x00, 0x01, 0x00,
  0x20, 0x00, 0x28, 0x05, 0x00, 0x00, 0x36, 0x00, 0x00, 0x00, 0x24, 0x20,
  0x00, 0x00, 0x01, 0x00, 0x20, 0x00, 0x28, 0x13, 0x00, 0x00, 0x5e, 0x05,
  0x00, 0x00, 0x36, 0x30, 0x00, 0x00, 0x01, 0x00, 0x20, 0x00, 0x28, 0x2a,
  0x00, 0x00, 0x86, 0x18, 0x00, 0x00, 0x28, 0x00, 0x00, 0x00, 0x13, 0x00,
  0x00, 0x00, 0x20, 0x00, 0x00, 0x00, 0x01, 0x00, 0x20, 0x00, 0x00, 0x00,
  0x00, 0x00, 0x00, 0x00, 0x00, 0x00, 0x00, 0x00, 0x00, 0x00, 0x00, 0x00,
  0x00, 0x00, 0x00, 0x00, 0x00, 0x00, 0x00, 0x00, 0x00, 0x00, 0x00, 0x00,
  0x00, 0x00, 0x00, 0x00, 0x00, 0x00, 0x00, 0x00, 0x00, 0x00, 0x00, 0x00,
  0x00, 0x00, 0x00, 0x00, 0x00, 0x00, 0x00, 0x00, 0x00, 0x00, 0xef, 0xef,
  0xef, 0x00, 0xee, 0xee, 0xef, 0x06, 0xe1, 0xe1, 0xe4, 0x27, 0xe0, 0xe0,
  0xe3, 0x25, 0xe6, 0xe8, 0xe7, 0x11, 0xf0, 0xf2, 0xf2, 0x06, 0xb8, 0xb7,
  0xb7, 0x00, 0xbe, 0xbe, 0xbe, 0x00, 0x00, 0x00, 0x00, 0x00, 0x00, 0x00,
  0x00, 0x00, 0x00, 0x00, 0x00, 0x00, 0x00, 0x00, 0x00, 0x00, 0x00, 0x00,
  0x00, 0x00, 0x00, 0x00, 0x00, 0x00, 0x00, 0x00, 0x00, 0x00, 0x00, 0x00,
  0x00, 0x00, 0x00, 0x00, 0x00, 0x00, 0xb3, 0xb3, 0xb3, 0x00, 0xe7, 0xe7,
  0xe7, 0x01, 0xf2, 0xf2, 0xf2, 0x0d, 0xeb, 0xeb, 0xeb, 0x52, 0xe5, 0xe5,
  0xe6, 0xc0, 0xe5, 0xe6, 0xe6, 0xbc, 0xe7, 0xe9, 0xeb, 0x8d, 0xe6, 0xe9,
  0xed, 0x56, 0xe1, 0xe2, 0xe2, 0x10, 0xdf, 0xdf, 0xdf, 0x02, 0xdf, 0xdf,
  0xdf, 0x00, 0x00, 0x00, 0x00, 0x00, 0x00, 0x00, 0x00, 0x00, 0x00, 0x00,
  0x00, 0x00, 0x00, 0x00, 0x00, 0x00, 0x00, 0x00, 0x00, 0x00, 0x00, 0x00,
  0x00, 0x00, 0x00, 0x00, 0x00, 0x00, 0xff, 0xff, 0xff, 0x00, 0xe1, 0xe1,
  0xe1, 0x02, 0xea, 0xea, 0xea, 0x18, 0xef, 0xef, 0xef, 0x7c, 0xe2, 0xe2,
  0xe2, 0xda, 0xed, 0xed, 0xed, 0xfb, 0xe5, 0xe5, 0xe5, 0xf6, 0xbf, 0xc4,
  0xd8, 0xf3, 0xbc, 0xc3, 0xe0, 0xe0, 0xe2, 0xe4, 0xed, 0x8c, 0xe1, 0xe2,
  0xe5, 0x1f, 0xe2, 0xe2, 0xe4, 0x03, 0xe3, 0xe3, 0xe3, 0x00, 0x00, 0x00,
  0x00, 0x00, 0x00, 0x00, 0x00, 0x00, 0x00, 0x00, 0x00, 0x00, 0x00, 0x00,
  0x00, 0x00, 0x00, 0x00, 0x00, 0x00, 0xd8, 0xd8, 0xd8, 0x00, 0xb8, 0xb8,
  0xb8, 0x00, 0xe8, 0xe8, 0xe8, 0x18, 0xea, 0xea, 0xea, 0x9f, 0xde, 0xde,
  0xde, 0xe9, 0xef, 0xef, 0xef, 0xfc, 0xfb, 0xfb, 0xfb, 0xfe, 0xe9, 0xe9,
  0xe8, 0xfe, 0xa8, 0xb0, 0xdf, 0xfe, 0x54, 0x71, 0xe4, 0xfd, 0x8e, 0x9a,
  0xe3, 0xef, 0xd9, 0xdb, 0xea, 0xa8, 0xe6, 0xe7, 0xe9, 0x1f, 0xe9, 0xe9,
  0xe9, 0x02, 0xe9, 0xe9, 0xe9, 0x00, 0x00, 0x00, 0x00, 0x00, 0x00, 0x00,
  0x00, 0x00, 0x00, 0x00, 0x00, 0x00, 0x00, 0x00, 0x00, 0x00, 0xee, 0xee,
  0xee, 0x00, 0xf0, 0xf0, 0xf0, 0x09, 0xe9, 0xe9, 0xe9, 0x4a, 0xe0, 0xe0,
  0xe0, 0xe3, 0xea, 0xea, 0xea, 0xfd, 0xd6, 0xd6, 0xd6, 0xfd, 0xef, 0xef,
  0xef, 0xfd, 0xe8, 0xe8, 0xe6, 0xfe, 0xa3, 0xab, 0xdd, 0xfe, 0x3d, 0x5f,
  0xec, 0xfe, 0x39, 0x56, 0xeb, 0xff, 0x7b, 0x8b, 0xe1, 0xd3, 0xf2, 0xf2,
  0xf9, 0x48, 0xfc, 0xfc, 0xfc, 0x05, 0xfc, 0xfc, 0xfc, 0x00, 0x00, 0x00,
  0x00, 0x00, 0x00, 0x00, 0x00, 0x00, 0x00, 0x00, 0x00, 0x00, 0x00, 0x00,
  0x00, 0x00, 0xf9, 0xf9, 0xf9, 0x00, 0xfa, 0xfa, 0xfa, 0x0e, 0xf2, 0xf2,
  0xf2, 0x62, 0xe2, 0xe2, 0xe1, 0xeb, 0xe1, 0xe1, 0xe0, 0xfd, 0xd4, 0xd4,
  0xd4, 0xee, 0xf0, 0xf0, 0xf0, 0xf7, 0xe7, 0xe7, 0xe9, 0xfe, 0xa1, 0xaa,
  0xe0, 0xfe, 0x46, 0x66, 0xdf, 0xfe, 0x47, 0x62, 0xcf, 0xff, 0x7a, 0x8b,
  0xd4, 0xd7, 0xf4, 0xf4, 0xfa, 0x4d, 0xfd, 0xfd, 0xfd, 0x05, 0xfd, 0xfd,
  0xfd, 0x00, 0x00, 0x00, 0x00, 0x00, 0x00, 0x00, 0x00, 0x00, 0x00, 0x00,
  0x00, 0x00, 0x00, 0x00, 0x00, 0x00, 0xfe, 0xfe, 0xfe, 0x00, 0xff, 0xff,
  0xff, 0x0e, 0xf6, 0xf6, 0xf6, 0x64, 0xe2, 0xe2, 0xe2, 0xeb, 0xdc, 0xdc,
  0xdc, 0xf6, 0xc3, 0xc3, 0xc4, 0xd3, 0xee, 0xee, 0xed, 0xec, 0xba, 0xc0,
  0xeb, 0xff, 0x4e, 0x6b, 0xdd, 0xfe, 0x35, 0x57, 0xea, 0xfd, 0x3f, 0x5b,
  0xea, 0xff, 0x82, 0x92, 0xd9, 0xd6, 0xee, 0xef, 0xf7, 0x4c, 0xf7, 0xf7,
  0xfa, 0x05, 0xf7, 0xf7, 0xfa, 0x00, 0x00, 0x00, 0x00, 0x00, 0x00, 0x00,
  0x00, 0x00, 0x00, 0x00, 0x00, 0x00, 0x00, 0x00, 0x00, 0x00, 0xfe, 0xfe,
  0xfe, 0x00, 0xff, 0xff, 0xff, 0x0e, 0xf8, 0xf7, 0xf7, 0x64, 0xe6, 0xe5,
  0xe5, 0xeb, 0xd9, 0xd9, 0xd9, 0xf4, 0xc0, 0xc0, 0xc0, 0xd1, 0xec, 0xec,
  0xeb, 0xeb, 0xb5, 0xbc, 0xfb, 0xff, 0x33, 0x55, 0xf8, 0xfe, 0x23, 0x49,
  0xe9, 0xfe, 0x39, 0x59, 0xd7, 0xff, 0x71, 0x82, 0xdf, 0xd7, 0xf3, 0xf4,
  0xfa, 0x4d, 0xfd, 0xfd, 0xfd, 0x05, 0xfd, 0xfd, 0xfd, 0x00, 0x00, 0x00,
  0x00, 0x00, 0x00, 0x00, 0x00, 0x00, 0x00, 0x00, 0x00, 0x00, 0x00, 0x00,
  0x00, 0x00, 0xfb, 0xfb, 0xfb, 0x00, 0xfd, 0xfd, 0xfd, 0x0e, 0xf6, 0xf6,
  0xf6, 0x65, 0xe7, 0xe7, 0xe6, 0xeb, 0xd8, 0xd8, 0xd8, 0xf3, 0xca, 0xca,
  0xca, 0xd4, 0xdc, 0xdc, 0xdc, 0xed, 0xe2, 0xe5, 0xf2, 0xff, 0xad, 0xb7,
  0xfc, 0xfe, 0x43, 0x62, 0xf5, 0xfe, 0x56, 0x6b, 0xe0, 0xff, 0x9b, 0xa6,
  0xd2, 0xd6, 0xf2, 0xf5, 0xf8, 0x4c, 0xfa, 0xfc, 0xfc, 0x05, 0xfa, 0xfc,
  0xfc, 0x00, 0x00, 0x00, 0x00, 0x00, 0x00, 0x00, 0x00, 0x00, 0x00, 0x00,
  0x00, 0x00, 0x00, 0x00, 0x00, 0x00, 0xf3, 0xf3, 0xf3, 0x00, 0xf4, 0xf4,
  0xf4, 0x0f, 0xf0, 0xf0, 0xf0, 0x68, 0xe6, 0xe6, 0xe6, 0xec, 0xdc, 0xdc,
  0xdc, 0xfa, 0xdc, 0xdc, 0xdc, 0xf4, 0xd3, 0xd3, 0xd3, 0xfa, 0xd5, 0xd5,
  0xd6, 0xfe, 0xe5, 0xe7, 0xef, 0xfd, 0xc4, 0xcc, 0xfe, 0xfd, 0x60, 0x7a,
  0xf3, 0xff, 0x73, 0x85, 0xe5, 0xd7, 0xf1, 0xf2, 0xf9, 0x4f, 0xfb, 0xfb,
  0xfb, 0x06, 0xfb, 0xfb, 0xfb, 0x00, 0x00, 0x00, 0x00, 0x00, 0x00, 0x00,
  0x00, 0x00, 0x00, 0x00, 0x00, 0x00, 0x00, 0x00, 0x00, 0x00, 0xed, 0xed,
  0xed, 0x00, 0xed, 0xed, 0xed, 0x0e, 0xea, 0xea, 0xea, 0x65, 0xe4, 0xe4,
  0xe4, 0xeb, 0xe6, 0xe6, 0xe6, 0xfe, 0xdd, 0xdd, 0xdd, 0xfd, 0xe4, 0xe4,
  0xe4, 0xfe, 0xdf, 0xdf, 0xdf, 0xfd, 0xe7, 0xe7, 0xe8, 0xfd, 0xf5, 0xf5,
  0xf9, 0xfd, 0xd7, 0xdb, 0xf3, 0xff, 0xa3, 0xb0, 0xe5, 0xd5, 0xeb, 0xec,
  0xf0, 0x4d, 0xf2, 0xf2, 0xf2, 0x05, 0xf2, 0xf2, 0xf2, 0x00, 0x00, 0x00,
  0x00, 0x00, 0x00, 0x00, 0x00, 0x00, 0x00, 0x00, 0x00, 0x00, 0x00, 0x00,
  0x00, 0x00, 0xea, 0xea, 0xea, 0x00, 0xea, 0xea, 0xea, 0x06, 0xe9, 0xe9,
  0xe9, 0x37, 0xe7, 0xe7, 0xe7, 0xcb, 0xe6, 0xe6, 0xe6, 0xf6, 0xeb, 0xeb,
  0xeb, 0xfd, 0xe3, 0xe3, 0xe3, 0xfe, 0xdc, 0xdc, 0xdd, 0xfe, 0xdf, 0xde,
  0xdf, 0xfb, 0xe1, 0xe0, 0xe0, 0xf8, 0xe0, 0xe0, 0xe2, 0xef, 0xe1, 0xe3,
  0xe8, 0xb0, 0xe9, 0xe9, 0xea, 0x24, 0xeb, 0xeb, 0xeb, 0x02, 0xeb, 0xeb,
  0xeb, 0x00, 0x00, 0x00, 0x00, 0x00, 0x00, 0x00, 0x00, 0x00, 0x00, 0x00,
  0x00, 0x00, 0x00, 0x00, 0x00, 0x00, 0xe9, 0xe9, 0xe9, 0x00, 0xe8, 0xe8,
  0xe8, 0x00, 0xea, 0xea, 0xea, 0x08, 0xea, 0xea, 0xea, 0x38, 0xe9, 0xe9,
  0xe9, 0xb6, 0xe1, 0xe2, 0xe2, 0xf1, 0xf1, 0xf1, 0xf1, 0xfd, 0xed, 0xed,
  0xed, 0xff, 0xe9, 0xe9, 0xea, 0xe6, 0xf0, 0xf1, 0xf1, 0xb4, 0xef, 0xf1,
  0xf1, 0x71, 0xe8, 0xe9, 0xe9, 0x26, 0xe9, 0xe9, 0xe9, 0x04, 0xe9, 0xe9,
  0xe9, 0x00, 0x00, 0x00, 0x00, 0x00, 0x00, 0x00, 0x00, 0x00, 0x00, 0x00,
  0x00, 0x00, 0x00, 0x00, 0x00, 0x00, 0x00, 0x00, 0x00, 0x00, 0x00, 0x00,
  0x00, 0x00, 0xeb, 0xeb, 0xeb, 0x00, 0xeb, 0xeb, 0xeb, 0x00, 0xea, 0xea,
  0xea, 0x05, 0xe9, 0xe9, 0xe9, 0x24, 0xeb, 0xec, 0xec, 0x9a, 0xdf, 0xe0,
  0xe0, 0xe7, 0xdb, 0xdb, 0xdb, 0xfa, 0xe2, 0xe2, 0xe2, 0xc9, 0xec, 0xec,
  0xec, 0x5c, 0xf4, 0xf7, 0xf7, 0x08, 0xe9, 0xe9, 0xe9, 0x02, 0xe9, 0xe9,
  0xe9, 0x00, 0x00, 0x00, 0x00, 0x00, 0x00, 0x00, 0x00, 0x00, 0x00, 0x00,
  0x00, 0x00, 0x00, 0x00, 0x00, 0x00, 0x00, 0x00, 0x00, 0x00, 0x00, 0x00,
  0x00, 0x00, 0x00, 0x00, 0x00, 0x00, 0x00, 0x00, 0x00, 0x00, 0x00, 0x00,
  0x00, 0x00, 0xe8, 0xe8, 0xe8, 0x00, 0xe7, 0xe7, 0xe7, 0x02, 0xe4, 0xe4,
  0xe4, 0x15, 0xed, 0xed, 0xed, 0x7a, 0xed, 0xee, 0xee, 0xaf, 0xeb, 0xec,
  0xec, 0x63, 0xe0, 0xe0, 0xe0, 0x0c, 0xe3, 0xe3, 0xe3, 0x00, 0x00, 0x00,
  0x00, 0x00, 0x00, 0x00, 0x00, 0x00, 0x00, 0x00, 0x00, 0x00, 0x00, 0x00,
  0x00, 0x00, 0x00, 0x00, 0x00, 0x00, 0x00, 0x00, 0x00, 0x00, 0x00, 0x00,
  0x00, 0x00, 0x00, 0x00, 0x00, 0x00, 0x00, 0x00, 0x00, 0x00, 0x00, 0x00,
  0x00, 0x00, 0x00, 0x00, 0x00, 0x00, 0x00, 0x00, 0x00, 0x00, 0xd0, 0xd0,
  0xd0, 0x00, 0xd3, 0xd3, 0xd3, 0x01, 0xf0, 0xf0, 0xf0, 0x0a, 0xf0, 0xf0,
  0xf0, 0x0f, 0xed, 0xee, 0xee, 0x08, 0xcb, 0xca, 0xca, 0x00, 0xda, 0xda,
  0xda, 0x00, 0x00, 0x00, 0x00, 0x00, 0x00, 0x00, 0x00, 0x00, 0x00, 0x00,
  0x00, 0x00, 0x00, 0x00, 0x00, 0x00, 0x00, 0x00, 0x00, 0x00, 0x00, 0x00,
  0x00, 0x00, 0xfe, 0x0f, 0xe0, 0x00, 0xf8, 0x03, 0xe0, 0x00, 0xf0, 0x01,
  0xe0, 0x00, 0xf0, 0x00, 0xe0, 0x00, 0xe0, 0x00, 0xe0, 0x00, 0xe0, 0x00,
  0xe0, 0x00, 0xe0, 0x00, 0xe0, 0x00, 0xe0, 0x00, 0xe0, 0x00, 0xe0, 0x00,
  0xe0, 0x00, 0xe0, 0x00, 0xe0, 0x00, 0xe0, 0x00, 0xe0, 0x00, 0xe0, 0x00,
  0xe0, 0x00, 0xf0, 0x01, 0xe0, 0x00, 0xf8, 0x03, 0xe0, 0x00, 0xfc, 0x0f,
  0xe0, 0x00, 0xfe, 0x1f, 0xe0, 0x00, 0x28, 0x00, 0x00, 0x00, 0x24, 0x00,
  0x00, 0x00, 0x40, 0x00, 0x00, 0x00, 0x01, 0x00, 0x20, 0x00, 0x00, 0x00,
  0x00, 0x00, 0x00, 0x00, 0x00, 0x00, 0x00, 0x00, 0x00, 0x00, 0x00, 0x00,
  0x00, 0x00, 0x00, 0x00, 0x00, 0x00, 0x00, 0x00, 0x00, 0x00, 0x00, 0x00,
  0x00, 0x00, 0x00, 0x00, 0x00, 0x00, 0x00, 0x00, 0x00, 0x00, 0x00, 0x00,
  0x00, 0x00, 0x00, 0x00, 0x00, 0x00, 0x00, 0x00, 0x00, 0x00, 0x00, 0x00,
  0x00, 0x00, 0x00, 0x00, 0x00, 0x00, 0x00, 0x00, 0x00, 0x00, 0x00, 0x00,
  0x00, 0x00, 0x00, 0x00, 0x00, 0x00, 0x00, 0x00, 0x00, 0x00, 0x00, 0x00,
  0x00, 0x00, 0x00, 0x00, 0x00, 0x00, 0xc4, 0xc4, 0xc4, 0x00, 0xc3, 0xc3,
  0xc3, 0x00, 0xce, 0xce, 0xcf, 0x02, 0xe5, 0xe5, 0xe7, 0x09, 0xdc, 0xdc,
  0xe0, 0x06, 0xcf, 0xcf, 0xd5, 0x01, 0xd2, 0xd2, 0xd7, 0x00, 0x00, 0x00,
  0x00, 0x00, 0x00, 0x00, 0x00, 0x00, 0x00, 0x00, 0x00, 0x00, 0x00, 0x00,
  0x00, 0x00, 0x00, 0x00, 0x00, 0x00, 0x00, 0x00, 0x00, 0x00, 0x00, 0x00,
  0x00, 0x00, 0x00, 0x00, 0x00, 0x00, 0x00, 0x00, 0x00, 0x00, 0x00, 0x00,
  0x00, 0x00, 0x00, 0x00, 0x00, 0x00, 0x00, 0x00, 0x00, 0x00, 0x00, 0x00,
  0x00, 0x00, 0x00, 0x00, 0x00, 0x00, 0x00, 0x00, 0x00, 0x00, 0x00, 0x00,
  0x00, 0x00, 0x00, 0x00, 0x00, 0x00, 0x00, 0x00, 0x00, 0x00, 0x00, 0x00,
  0x00, 0x00, 0x00, 0x00, 0x00, 0x00, 0x00, 0x00, 0x00, 0x00, 0x00, 0x00,
  0x00, 0x00, 0x00, 0x00, 0x00, 0x00, 0x00, 0x00, 0x00, 0x00, 0x00, 0x00,
  0x00, 0x00, 0x00, 0x00, 0x00, 0x00, 0x00, 0x00, 0x00, 0x00, 0x00, 0x00,
  0x00, 0x00, 0xd6, 0xd6, 0xda, 0x00, 0xd4, 0xd4, 0xd9, 0x01, 0xda, 0xda,
  0xdc, 0x08, 0xe0, 0xe0, 0xe1, 0x2a, 0xea, 0xea, 0xec, 0x71, 0xe4, 0xe4,
  0xe7, 0x4f, 0xdc, 0xdc, 0xdf, 0x14, 0x93, 0x92, 0x8c, 0x01, 0xbf, 0xbf,
  0xbf, 0x02, 0xb0, 0xb0, 0xb0, 0x00, 0xb2, 0xb2, 0xb2, 0x00, 0x00, 0x00,
  0x00, 0x00, 0x00, 0x00, 0x00, 0x00, 0x00, 0x00, 0x00, 0x00, 0x00, 0x00,
  0x00, 0x00, 0x00, 0x00, 0x00, 0x00, 0x00, 0x00, 0x00, 0x00, 0x00, 0x00,
  0x00, 0x00, 0x00, 0x00, 0x00, 0x00, 0x00, 0x00, 0x00, 0x00, 0x00, 0x00,
  0x00, 0x00, 0x00, 0x00, 0x00, 0x00, 0x00, 0x00, 0x00, 0x00, 0x00, 0x00,
  0x00, 0x00, 0x00, 0x00, 0x00, 0x00, 0x00, 0x00, 0x00, 0x00, 0x00, 0x00,
  0x00, 0x00, 0x00, 0x00, 0x00, 0x00, 0x00, 0x00, 0x00, 0x00, 0x00, 0x00,
  0x00, 0x00, 0x00, 0x00, 0x00, 0x00, 0x00, 0x00, 0x00, 0x00, 0x00, 0x00,
  0x00, 0x00, 0x00, 0x00, 0x00, 0x00, 0x00, 0x00, 0x00, 0x00, 0xde, 0xe1,
  0xe1, 0x00, 0xdc, 0xe1, 0xe0, 0x01, 0xdf, 0xe1, 0xe2, 0x11, 0xe7, 0xe7,
  0xe9, 0x4f, 0xf3, 0xf4, 0xf4, 0xc9, 0xf7, 0xf7, 0xf7, 0xef, 0xf6, 0xf6,
  0xf6, 0xe2, 0xee, 0xef, 0xef, 0x55, 0xd3, 0xd3, 0xd4, 0x24, 0xdd, 0xde,
  0xde, 0x29, 0xdf, 0xe1, 0xe1, 0x10, 0xc3, 0xcb, 0xcb, 0x02, 0xc7, 0xce,
  0xce, 0x00, 0x00, 0x00, 0x00, 0x00, 0x00, 0x00, 0x00, 0x00, 0x00, 0x00,
  0x00, 0x00, 0x00, 0x00, 0x00, 0x00, 0x00, 0x00, 0x00, 0x00, 0x00, 0x00,
  0x00, 0x00, 0x00, 0x00, 0x00, 0x00, 0x00, 0x00, 0x00, 0x00, 0x00, 0x00,
  0x00, 0x00, 0x00, 0x00, 0x00, 0x00, 0x00, 0x00, 0x00, 0x00, 0x00, 0x00,
  0x00, 0x00, 0x00, 0x00, 0x00, 0x00, 0x00, 0x00, 0x00, 0x00, 0x00, 0x00,
  0x00, 0x00, 0x00, 0x00, 0x00, 0x00, 0x00, 0x00, 0x00, 0x00, 0x00, 0x00,
  0x00, 0x00, 0x00, 0x00, 0x00, 0x00, 0x00, 0x00, 0x00, 0x00, 0x00, 0x00,
  0x00, 0x00, 0x55, 0xaa, 0xaa, 0x00, 0xff, 0xff, 0xff, 0x00, 0xe2, 0xe4,
  0xe7, 0x03, 0xe4, 0xe6, 0xe7, 0x20, 0xea, 0xec, 0xec, 0x78, 0xf2, 0xf3,
  0xf2, 0xe2, 0xe1, 0xe1, 0xe1, 0xfa, 0xcb, 0xcb, 0xcb, 0xfe, 0xdd, 0xdd,
  0xde, 0xfc, 0xe2, 0xe3, 0xe4, 0xa7, 0xf1, 0xf1, 0xf2, 0xbd, 0xf5, 0xf6,
  0xf6, 0xe0, 0xef, 0xf0, 0xf0, 0x8c, 0xda, 0xde, 0xde, 0x22, 0xd7, 0xdb,
  0xdb, 0x04, 0xd7, 0xdb, 0xdb, 0x00, 0x00, 0x00, 0x00, 0x00, 0x00, 0x00,
  0x00, 0x00, 0x00, 0x00, 0x00, 0x00, 0x00, 0x00, 0x00, 0x00, 0x00, 0x00,
  0x00, 0x00, 0x00, 0x00, 0x00, 0x00, 0x00, 0x00, 0x00, 0x00, 0x00, 0x00,
  0x00, 0x00, 0x00, 0x00, 0x00, 0x00, 0x00, 0x00, 0x00, 0x00, 0x00, 0x00,
  0x00, 0x00, 0x00, 0x00, 0x00, 0x00, 0x00, 0x00, 0x00, 0x00, 0x00, 0x00,
  0x00, 0x00, 0x00, 0x00, 0x00, 0x00, 0x00, 0x00, 0x00, 0x00, 0x00, 0x00,
  0x00, 0x00, 0x00, 0x00, 0x00, 0x00, 0x00, 0x00, 0x00, 0x00, 0xb4, 0xb4,
  0xb4, 0x00, 0x6c, 0x5b, 0x5b, 0x00, 0xd7, 0xdf, 0xde, 0x06, 0xe8, 0xe9,
  0xea, 0x37, 0xf0, 0xf0, 0xf1, 0xa2, 0xf1, 0xf1, 0xf1, 0xef, 0xd7, 0xd7,
  0xd7, 0xfd, 0xda, 0xda, 0xda, 0xfe, 0xf3, 0xf3, 0xf3, 0xfe, 0xdd, 0xdd,
  0xdd, 0xfe, 0xdb, 0xdb, 0xdb, 0xea, 0xd7, 0xd9, 0xdd, 0xf1, 0xdb, 0xdd,
  0xe3, 0xfe, 0xec, 0xec, 0xf0, 0xf1, 0xf2, 0xf3, 0xf3, 0xae, 0xe2, 0xe4,
  0xe4, 0x3b, 0xdc, 0xdf, 0xe1, 0x09, 0xda, 0xdd, 0xe0, 0x01, 0xda, 0xdd,
  0xe0, 0x00, 0x00, 0x00, 0x00, 0x00, 0x00, 0x00, 0x00, 0x00, 0x00, 0x00,
  0x00, 0x00, 0x00, 0x00, 0x00, 0x00, 0x00, 0x00, 0x00, 0x00, 0x00, 0x00,
  0x00, 0x00, 0x00, 0x00, 0x00, 0x00, 0x00, 0x00, 0x00, 0x00, 0x00, 0x00,
  0x00, 0x00, 0x00, 0x00, 0x00, 0x00, 0x00, 0x00, 0x00, 0x00, 0x00, 0x00,
  0x00, 0x00, 0x00, 0x00, 0x00, 0x00, 0x00, 0x00, 0x00, 0x00, 0x00, 0x00,
  0x00, 0x00, 0x00, 0x00, 0x00, 0x00, 0xd0, 0xd6, 0xd6, 0x00, 0xcb, 0xd3,
  0xd3, 0x01, 0xd5, 0xd6, 0xd6, 0x0f, 0xeb, 0xeb, 0xeb, 0x5a, 0xf3, 0xf3,
  0xf3, 0xc7, 0xec, 0xec, 0xeb, 0xf6, 0xce, 0xce, 0xcf, 0xfe, 0xe5, 0xe5,
  0xe5, 0xfe, 0xf9, 0xf9, 0xf9, 0xfe, 0xfc, 0xfc, 0xfc, 0xfe, 0xdd, 0xdd,
  0xdd, 0xfe, 0xdc, 0xdc, 0xdb, 0xfd, 0xc2, 0xc7, 0xd9, 0xfd, 0x81, 0x8e,
  0xcd, 0xfe, 0x9a, 0xa0, 0xd3, 0xfe, 0xe1, 0xe2, 0xe8, 0xf8, 0xf3, 0xf3,
  0xf4, 0xcb, 0xe3, 0xe5, 0xe7, 0x5c, 0xe5, 0xe6, 0xe8, 0x10, 0xdf, 0xdf,
  0xe1, 0x01, 0xff, 0xff, 0xff, 0x00, 0x00, 0x00, 0x00, 0x00, 0x00, 0x00,
  0x00, 0x00, 0x00, 0x00, 0x00, 0x00, 0x00, 0x00, 0x00, 0x00, 0x00, 0x00,
  0x00, 0x00, 0x00, 0x00, 0x00, 0x00, 0x00, 0x00, 0x00, 0x00, 0x00, 0x00,
  0x00, 0x00, 0x00, 0x00, 0x00, 0x00, 0x00, 0x00, 0x00, 0x00, 0x00, 0x00,
  0x00, 0x00, 0x00, 0x00, 0x00, 0x00, 0x00, 0x00, 0x00, 0x00, 0x00, 0x00,
  0x00, 0x00, 0x8c, 0x8c, 0x8c, 0x00, 0xff, 0xff, 0xff, 0x00, 0xdb, 0xdf,
  0xe0, 0x1b, 0xef, 0xf0, 0xf0, 0x7f, 0xf2, 0xf2, 0xf2, 0xe0, 0xe1, 0xe1,
  0xe1, 0xfb, 0xce, 0xce, 0xce, 0xfe, 0xf2, 0xf2, 0xf2, 0xfe, 0xfb, 0xfb,
  0xfb, 0xfe, 0xfe, 0xfe, 0xfe, 0xfe, 0xfd, 0xfd, 0xfd, 0xfe, 0xde, 0xde,
  0xde, 0xfe, 0xdc, 0xdc, 0xdc, 0xfe, 0xc0, 0xc6, 0xd8, 0xfe, 0x74, 0x82,
  0xe7, 0xfe, 0x22, 0x44, 0xea, 0xfe, 0x81, 0x8a, 0xd2, 0xfe, 0xd1, 0xd3,
  0xe0, 0xfb, 0xf3, 0xf3, 0xf5, 0xe1, 0xec, 0xec, 0xee, 0x83, 0xe5, 0xe6,
  0xe8, 0x18, 0xd4, 0xd8, 0xda, 0x01, 0xdb, 0xde, 0xe0, 0x00, 0x00, 0x00,
  0x00, 0x00, 0x00, 0x00, 0x00, 0x00, 0x00, 0x00, 0x00, 0x00, 0x00, 0x00,
  0x00, 0x00, 0x00, 0x00, 0x00, 0x00, 0x00, 0x00, 0x00, 0x00, 0x00, 0x00,
  0x00, 0x00, 0x00, 0x00, 0x00, 0x00, 0x00, 0x00, 0x00, 0x00, 0x00, 0x00,
  0x00, 0x00, 0x00, 0x00, 0x00, 0x00, 0x00, 0x00, 0x00, 0x00, 0x00, 0x00,
  0x00, 0x00, 0xc8, 0xc8, 0xca, 0x00, 0xb8, 0xb8, 0xba, 0x07, 0xf3, 0xf3,
  0xf4, 0x81, 0xeb, 0xeb, 0xeb, 0xea, 0xd5, 0xd4, 0xd5, 0xfd, 0xd7, 0xd6,
  0xd7, 0xfd, 0xf8, 0xf8, 0xf8, 0xfe, 0xfa, 0xfa, 0xfa, 0xfe, 0xf9, 0xf9,
  0xf9, 0xfe, 0xfd, 0xfd, 0xfd, 0xfe, 0xfd, 0xfd, 0xfd, 0xfe, 0xde, 0xde,
  0xde, 0xfe, 0xd9, 0xd9, 0xda, 0xfe, 0xbe, 0xc4, 0xd6, 0xfe, 0x74, 0x83,
  0xe9, 0xfe, 0x00, 0x37, 0xfe, 0xfe, 0x1f, 0x42, 0xf1, 0xfe, 0x67, 0x73,
  0xd8, 0xfe, 0xba, 0xbf, 0xd7, 0xfd, 0xf1, 0xf2, 0xf6, 0xe6, 0xec, 0xef,
  0xf0, 0x73, 0xe9, 0xeb, 0xed, 0x11, 0xe9, 0xec, 0xee, 0x00, 0x00, 0x00,
  0x00, 0x00, 0x00, 0x00, 0x00, 0x00, 0x00, 0x00, 0x00, 0x00, 0x00, 0x00,
  0x00, 0x00, 0x00, 0x00, 0x00, 0x00, 0x00, 0x00, 0x00, 0x00, 0x00, 0x00,
  0x00, 0x00, 0x00, 0x00, 0x00, 0x00, 0x00, 0x00, 0x00, 0x00, 0x00, 0x00,
  0x00, 0x00, 0x00, 0x00, 0x00, 0x00, 0x00, 0x00, 0x00, 0x00, 0x00, 0x00,
  0x00, 0x00, 0xe7, 0xe7, 0xe9, 0x00, 0xe6, 0xe6, 0xe9, 0x39, 0xed, 0xed,
  0xed, 0xba, 0xdb, 0xdb, 0xdb, 0xff, 0xde, 0xde, 0xdd, 0xfe, 0xfa, 0xfa,
  0xf9, 0xfe, 0xf4, 0xf4, 0xf3, 0xfe, 0xd8, 0xd8, 0xd8, 0xfe, 0xbf, 0xbf,
  0xbf, 0xfe, 0xf6, 0xf6, 0xf6, 0xfe, 0xfd, 0xfd, 0xfd, 0xfe, 0xde, 0xde,
  0xde, 0xfe, 0xd4, 0xd4, 0xd3, 0xfe, 0xba, 0xc0, 0xd2, 0xfe, 0x74, 0x83,
  0xe9, 0xfe, 0x00, 0x37, 0xfe, 0xfe, 0x08, 0x3c, 0xfc, 0xfe, 0x16, 0x3e,
  0xf5, 0xfe, 0x55, 0x65, 0xe1, 0xfe, 0xa8, 0xb0, 0xd2, 0xf5, 0xed, 0xee,
  0xf2, 0xa5, 0xfb, 0xfb, 0xfa, 0x1c, 0xf8, 0xf9, 0xf9, 0x00, 0x00, 0x00,
  0x00, 0x00, 0x00, 0x00, 0x00, 0x00, 0x00, 0x00, 0x00, 0x00, 0x00, 0x00,
  0x00, 0x00, 0x00, 0x00, 0x00, 0x00, 0x00, 0x00, 0x00, 0x00, 0x00, 0x00,
  0x00, 0x00, 0x00, 0x00, 0x00, 0x00, 0x00, 0x00, 0x00, 0x00, 0x00, 0x00,
  0x00, 0x00, 0x00, 0x00, 0x00, 0x00, 0x00, 0x00, 0x00, 0x00, 0x00, 0x00,
  0x00, 0x00, 0xf3, 0xf3, 0xf3, 0x01, 0xf4, 0xf4, 0xf4, 0x62, 0xd6, 0xd6,
  0xd6, 0xd4, 0xe3, 0xe2, 0xe2, 0xff, 0xfc, 0xfb, 0xfb, 0xfe, 0xee, 0xee,
  0xee, 0xfe, 0xd3, 0xd3, 0xd3, 0xfe, 0xd7, 0xd7, 0xd7, 0xfe, 0xd0, 0xd0,
  0xd0, 0xfe, 0xf8, 0xf8, 0xf9, 0xfe, 0xfd, 0xfd, 0xfd, 0xfe, 0xde, 0xde,
  0xde, 0xfe, 0xd0, 0xd0, 0xcf, 0xfe, 0xb8, 0xbd, 0xd0, 0xfe, 0x75, 0x83,
  0xea, 0xfe, 0x00, 0x35, 0xf5, 0xfe, 0x16, 0x3d, 0xeb, 0xfe, 0x1d, 0x42,
  0xf6, 0xfe, 0x2c, 0x4c, 0xf4, 0xfe, 0x7c, 0x8d, 0xd8, 0xf5, 0xee, 0xef,
  0xf7, 0xac, 0xff, 0xff, 0xff, 0x1d, 0xfe, 0xfe, 0xfe, 0x00, 0x00, 0x00,
  0x00, 0x00, 0x00, 0x00, 0x00, 0x00, 0x00, 0x00, 0x00, 0x00, 0x00, 0x00,
  0x00, 0x00, 0x00, 0x00, 0x00, 0x00, 0x00, 0x00, 0x00, 0x00, 0x00, 0x00,
  0x00, 0x00, 0x00, 0x00, 0x00, 0x00, 0x00, 0x00, 0x00, 0x00, 0x00, 0x00,
  0x00, 0x00, 0x00, 0x00, 0x00, 0x00, 0x00, 0x00, 0x00, 0x00, 0x00, 0x00,
  0x00, 0x00, 0xf7, 0xf7, 0xf7, 0x01, 0xf8, 0xf8, 0xf8, 0x74, 0xd6, 0xd6,
  0xd6, 0xdf, 0xe3, 0xe3, 0xe3, 0xff, 0xf4, 0xf4, 0xf4, 0xfe, 0xe0, 0xe0,
  0xe0, 0xfe, 0xe2, 0xe2, 0xe2, 0xfc, 0xed, 0xee, 0xee, 0xf9, 0xd1, 0xd2,
  0xd2, 0xfe, 0xf8, 0xf8, 0xf8, 0xfe, 0xfd, 0xfd, 0xfd, 0xfe, 0xdd, 0xdd,
  0xdd, 0xfe, 0xd1, 0xd1, 0xd1, 0xfe, 0xb9, 0xbe, 0xd1, 0xfe, 0x75, 0x82,
  0xea, 0xfe, 0x00, 0x33, 0xeb, 0xfe, 0x45, 0x59, 0xc3, 0xfe, 0x65, 0x75,
  0xcb, 0xfe, 0x3e, 0x56, 0xe6, 0xfe, 0x79, 0x8a, 0xd5, 0xf5, 0xee, 0xef,
  0xf7, 0xac, 0xff, 0xff, 0xff, 0x1d, 0xfe, 0xfe, 0xfe, 0x00, 0x00, 0x00,
  0x00, 0x00, 0x00, 0x00, 0x00, 0x00, 0x00, 0x00, 0x00, 0x00, 0x00, 0x00,
  0x00, 0x00, 0x00, 0x00, 0x00, 0x00, 0x00, 0x00, 0x00, 0x00, 0x00, 0x00,
  0x00, 0x00, 0x00, 0x00, 0x00, 0x00, 0x00, 0x00, 0x00, 0x00, 0x00, 0x00,
  0x00, 0x00, 0x00, 0x00, 0x00, 0x00, 0x00, 0x00, 0x00, 0x00, 0x00, 0x00,
  0x00, 0x00, 0xfd, 0xfd, 0xfd, 0x01, 0xff, 0xff, 0xff, 0x75, 0xd6, 0xd6,
  0xd6, 0xe0, 0xe2, 0xe2, 0xe1, 0xff, 0xec, 0xec, 0xec, 0xfe, 0xdc, 0xdc,
  0xdc, 0xfd, 0xeb, 0xeb, 0xeb, 0xea, 0xc0, 0xc0, 0xc0, 0xc4, 0xca, 0xca,
  0xcb, 0xfa, 0xf8, 0xf8, 0xf8, 0xfe, 0xfd, 0xfd, 0xfd, 0xff, 0xd6, 0xd6,
  0xda, 0xfe, 0xe7, 0xe7, 0xe8, 0xfe, 0xcb, 0xd0, 0xe1, 0xfe, 0x73, 0x81,
  0xe9, 0xfe, 0x00, 0x34, 0xf8, 0xfe, 0x45, 0x5a, 0xde, 0xfe, 0x7d, 0x89,
  0xbf, 0xfd, 0x8b, 0x95, 0xc3, 0xfe, 0x8c, 0x96, 0xc3, 0xf5, 0xee, 0xef,
  0xf5, 0xac, 0xff, 0xff, 0xff, 0x1d, 0xfd, 0xfd, 0xfd, 0x00, 0x00, 0x00,
  0x00, 0x00, 0x00, 0x00, 0x00, 0x00, 0x00, 0x00, 0x00, 0x00, 0x00, 0x00,
  0x00, 0x00, 0x00, 0x00, 0x00, 0x00, 0x00, 0x00, 0x00, 0x00, 0x00, 0x00,
  0x00, 0x00, 0x00, 0x00, 0x00, 0x00, 0x00, 0x00, 0x00, 0x00, 0x00, 0x00,
  0x00, 0x00, 0x00, 0x00, 0x00, 0x00, 0x00, 0x00, 0x00, 0x00, 0x00, 0x00,
  0x00, 0x00, 0xfe, 0xfe, 0xfe, 0x01, 0xff, 0xff, 0xff, 0x75, 0xd8, 0xd8,
  0xd8, 0xe0, 0xe3, 0xe3, 0xe2, 0xff, 0xee, 0xee, 0xed, 0xfe, 0xda, 0xda,
  0xda, 0xfa, 0xe2, 0xe2, 0xe2, 0xd6, 0xaf, 0xaf, 0xaf, 0xa5, 0xc7, 0xc7,
  0xc8, 0xf7, 0xf7, 0xf7, 0xf7, 0xfe, 0xfa, 0xfb, 0xfd, 0xfe, 0x96, 0x9e,
  0xd5, 0xfe, 0xb7, 0xbb, 0xd7, 0xfe, 0xbb, 0xc1, 0xd6, 0xfe, 0x71, 0x80,
  0xe8, 0xfe, 0x00, 0x38, 0xfe, 0xfe, 0x13, 0x3f, 0xfa, 0xfe, 0x37, 0x51,
  0xe6, 0xfe, 0x7e, 0x89, 0xc3, 0xfe, 0xd3, 0xd5, 0xde, 0xf5, 0xf1, 0xf1,
  0xf4, 0xa7, 0xf7, 0xf7, 0xf9, 0x1c, 0xf6, 0xf6, 0xf8, 0x00, 0x00, 0x00,
  0x00, 0x00, 0x00, 0x00, 0x00, 0x00, 0x00, 0x00, 0x00, 0x00, 0x00, 0x00,
  0x00, 0x00, 0x00, 0x00, 0x00, 0x00, 0x00, 0x00, 0x00, 0x00, 0x00, 0x00,
  0x00, 0x00, 0x00, 0x00, 0x00, 0x00, 0x00, 0x00, 0x00, 0x00, 0x00, 0x00,
  0x00, 0x00, 0x00, 0x00, 0x00, 0x00, 0x00, 0x00, 0x00, 0x00, 0x00, 0x00,
  0x00, 0x00, 0xfe, 0xfe, 0xfe, 0x01, 0xff, 0xff, 0xff, 0x75, 0xda, 0xda,
  0xdb, 0xe0, 0xe5, 0xe5, 0xe4, 0xff, 0xee, 0xed, 0xed, 0xfe, 0xd6, 0xd6,
  0xd6, 0xf9, 0xda, 0xdb, 0xdb, 0xd3, 0xad, 0xad, 0xad, 0xa2, 0xc7, 0xc7,
  0xc8, 0xf7, 0xf7, 0xf7, 0xf7, 0xfe, 0xfa, 0xfb, 0xfe, 0xfe, 0x87, 0x91,
  0xfa, 0xfe, 0x35, 0x4f, 0xde, 0xfe, 0x62, 0x71, 0xbc, 0xfd, 0x50, 0x62,
  0xdc, 0xfe, 0x00, 0x3a, 0xfe, 0xfe, 0x08, 0x3c, 0xfb, 0xfe, 0x09, 0x3c,
  0xfb, 0xfe, 0x3c, 0x55, 0xf0, 0xfe, 0x8c, 0x98, 0xce, 0xf5, 0xeb, 0xec,
  0xf2, 0xac, 0xfc, 0xfc, 0xfb, 0x1d, 0xf9, 0xf9, 0xf9, 0x00, 0x00, 0x00,
  0x00, 0x00, 0x00, 0x00, 0x00, 0x00, 0x00, 0x00, 0x00, 0x00, 0x00, 0x00,
  0x00, 0x00, 0x00, 0x00, 0x00, 0x00, 0x00, 0x00, 0x00, 0x00, 0x00, 0x00,
  0x00, 0x00, 0x00, 0x00, 0x00, 0x00, 0x00, 0x00, 0x00, 0x00, 0x00, 0x00,
  0x00, 0x00, 0x00, 0x00, 0x00, 0x00, 0x00, 0x00, 0x00, 0x00, 0x00, 0x00,
  0x00, 0x00, 0xfe, 0xfe, 0xfe, 0x01, 0xff, 0xff, 0xff, 0x75, 0xdd, 0xdd,
  0xdd, 0xe1, 0xe7, 0xe7, 0xe6, 0xff, 0xec, 0xec, 0xeb, 0xfe, 0xd4, 0xd4,
  0xd4, 0xf9, 0xd9, 0xd8, 0xd9, 0xd3, 0xac, 0xac, 0xac, 0xa3, 0xc7, 0xc7,
  0xc8, 0xf7, 0xf8, 0xf7, 0xf7, 0xfe, 0xfa, 0xfb, 0xfe, 0xfe, 0x8b, 0x95,
  0xfe, 0xfe, 0x00, 0x3b, 0xfc, 0xfe, 0x19, 0x3e, 0xeb, 0xfe, 0x17, 0x3e,
  0xf0, 0xfe, 0x07, 0x39, 0xef, 0xfe, 0x21, 0x3f, 0xda, 0xfe, 0x2f, 0x49,
  0xea, 0xfe, 0x2b, 0x4c, 0xf4, 0xfe, 0x79, 0x8b, 0xd8, 0xf6, 0xed, 0xef,
  0xf7, 0xac, 0xff, 0xff, 0xff, 0x1d, 0xfe, 0xfe, 0xfe, 0x00, 0x00, 0x00,
  0x00, 0x00, 0x00, 0x00, 0x00, 0x00, 0x00, 0x00, 0x00, 0x00, 0x00, 0x00,
  0x00, 0x00, 0x00, 0x00, 0x00, 0x00, 0x00, 0x00, 0x00, 0x00, 0x00, 0x00,
  0x00, 0x00, 0x00, 0x00, 0x00, 0x00, 0x00, 0x00, 0x00, 0x00, 0x00, 0x00,
  0x00, 0x00, 0x00, 0x00, 0x00, 0x00, 0x00, 0x00, 0x00, 0x00, 0x00, 0x00,
  0x00, 0x00, 0xff, 0xff, 0xff, 0x01, 0xff, 0xff, 0xff, 0x76, 0xe0, 0xdf,
  0xdf, 0xe1, 0xe9, 0xe8, 0xe8, 0xff, 0xea, 0xea, 0xe9, 0xfe, 0xd1, 0xd1,
  0xd0, 0xf9, 0xd9, 0xd9, 0xd9, 0xd2, 0xa9, 0xa9, 0xaa, 0xa4, 0xc7, 0xc7,
  0xc8, 0xf7, 0xf7, 0xf8, 0xf7, 0xfe, 0xfc, 0xfc, 0xfe, 0xfe, 0xb5, 0xc0,
  0xfd, 0xfe, 0x5c, 0x72, 0xfe, 0xfe, 0x1a, 0x42, 0xfd, 0xfe, 0x06, 0x3b,
  0xfe, 0xfe, 0x00, 0x36, 0xea, 0xfe, 0x63, 0x6e, 0xc7, 0xfe, 0x92, 0x99,
  0xcd, 0xfd, 0x4c, 0x60, 0xd7, 0xfe, 0x7b, 0x8c, 0xd4, 0xf6, 0xed, 0xf0,
  0xf8, 0xad, 0xff, 0xff, 0xff, 0x1d, 0xfd, 0xff, 0xff, 0x00, 0x00, 0x00,
  0x00, 0x00, 0x00, 0x00, 0x00, 0x00, 0x00, 0x00, 0x00, 0x00, 0x00, 0x00,
  0x00, 0x00, 0x00, 0x00, 0x00, 0x00, 0x00, 0x00, 0x00, 0x00, 0x00, 0x00,
  0x00, 0x00, 0x00, 0x00, 0x00, 0x00, 0x00, 0x00, 0x00, 0x00, 0x00, 0x00,
  0x00, 0x00, 0x00, 0x00, 0x00, 0x00, 0x00, 0x00, 0x00, 0x00, 0x00, 0x00,
  0x00, 0x00, 0xfd, 0xfd, 0xfd, 0x01, 0xfe, 0xfe, 0xfe, 0x77, 0xe0, 0xdf,
  0xdf, 0xe2, 0xe9, 0xe9, 0xe8, 0xff, 0xe9, 0xe9, 0xe8, 0xfe, 0xcf, 0xcf,
  0xce, 0xf8, 0xdc, 0xdc, 0xdc, 0xd1, 0xab, 0xab, 0xac, 0xa4, 0xca, 0xca,
  0xcb, 0xf7, 0xf0, 0xf0, 0xf0, 0xfe, 0xfb, 0xfc, 0xfc, 0xff, 0xf8, 0xf9,
  0xfe, 0xfe, 0xc7, 0xd0, 0xfd, 0xfe, 0x76, 0x87, 0xfd, 0xfe, 0x24, 0x47,
  0xfe, 0xfe, 0x02, 0x3b, 0xfc, 0xfe, 0x2e, 0x4b, 0xe5, 0xfe, 0x77, 0x81,
  0xbf, 0xfe, 0xac, 0xb0, 0xc9, 0xfe, 0x9a, 0xa3, 0xc2, 0xf6, 0xef, 0xf1,
  0xf5, 0xac, 0xff, 0xff, 0xff, 0x1d, 0xfc, 0xfe, 0xfe, 0x00, 0x00, 0x00,
  0x00, 0x00, 0x00, 0x00, 0x00, 0x00, 0x00, 0x00, 0x00, 0x00, 0x00, 0x00,
  0x00, 0x00, 0x00, 0x00, 0x00, 0x00, 0x00, 0x00, 0x00, 0x00, 0x00, 0x00,
  0x00, 0x00, 0x00, 0x00, 0x00, 0x00, 0x00, 0x00, 0x00, 0x00, 0x00, 0x00,
  0x00, 0x00, 0x00, 0x00, 0x00, 0x00, 0x00, 0x00, 0x00, 0x00, 0x00, 0x00,
  0x00, 0x00, 0xf9, 0xfa, 0xfa, 0x01, 0xfa, 0xfb, 0xfb, 0x79, 0xdf, 0xdf,
  0xdf, 0xe3, 0xe9, 0xe9, 0xe9, 0xff, 0xe8, 0xe7, 0xe7, 0xfe, 0xce, 0xce,
  0xcd, 0xf7, 0xdf, 0xdf, 0xe0, 0xd1, 0xc1, 0xc1, 0xc2, 0xab, 0xeb, 0xeb,
  0xec, 0xf8, 0xc4, 0xc4, 0xc4, 0xfe, 0xe7, 0xe7, 0xe7, 0xfe, 0xf9, 0xf9,
  0xf9, 0xfe, 0xfa, 0xfb, 0xfd, 0xfe, 0xd9, 0xdf, 0xfd, 0xfe, 0x90, 0x9e,
  0xfd, 0xfe, 0x30, 0x4f, 0xfd, 0xfe, 0x0c, 0x3e, 0xfc, 0xfe, 0x26, 0x47,
  0xec, 0xfe, 0x73, 0x7f, 0xca, 0xfe, 0xd2, 0xd4, 0xdf, 0xf5, 0xf1, 0xf2,
  0xf3, 0xa8, 0xf7, 0xf8, 0xf7, 0x1c, 0xf6, 0xf7, 0xf7, 0x00, 0x00, 0x00,
  0x00, 0x00, 0x00, 0x00, 0x00, 0x00, 0x00, 0x00, 0x00, 0x00, 0x00, 0x00,
  0x00, 0x00, 0x00, 0x00, 0x00, 0x00, 0x00, 0x00, 0x00, 0x00, 0x00, 0x00,
  0x00, 0x00, 0x00, 0x00, 0x00, 0x00, 0x00, 0x00, 0x00, 0x00, 0x00, 0x00,
  0x00, 0x00, 0x00, 0x00, 0x00, 0x00, 0x00, 0x00, 0x00, 0x00, 0x00, 0x00,
  0x00, 0x00, 0xf6, 0xf6, 0xf6, 0x01, 0xf6, 0xf6, 0xf6, 0x7b, 0xde, 0xde,
  0xde, 0xe4, 0xe9, 0xe9, 0xe9, 0xff, 0xe7, 0xe7, 0xe6, 0xfe, 0xce, 0xce,
  0xce, 0xf9, 0xe9, 0xe9, 0xe9, 0xe8, 0xe3, 0xe3, 0xe3, 0xe1, 0xf5, 0xf5,
  0xf6, 0xfc, 0xf0, 0xf0, 0xf0, 0xfe, 0xc5, 0xc5, 0xc5, 0xfe, 0xda, 0xda,
  0xda, 0xfe, 0xf5, 0xf5, 0xf4, 0xfe, 0xfc, 0xfc, 0xfe, 0xfd, 0xe8, 0xeb,
  0xfe, 0xfe, 0xa9, 0xb4, 0xfd, 0xfe, 0x40, 0x5c, 0xfd, 0xfe, 0x0d, 0x3f,
  0xfc, 0xfe, 0x33, 0x50, 0xf2, 0xfe, 0x85, 0x93, 0xd3, 0xf6, 0xed, 0xef,
  0xf6, 0xae, 0xff, 0xff, 0xfe, 0x1d, 0xfc, 0xfd, 0xfd, 0x00, 0x00, 0x00,
  0x00, 0x00, 0x00, 0x00, 0x00, 0x00, 0x00, 0x00, 0x00, 0x00, 0x00, 0x00,
  0x00, 0x00, 0x00, 0x00, 0x00, 0x00, 0x00, 0x00, 0x00, 0x00, 0x00, 0x00,
  0x00, 0x00, 0x00, 0x00, 0x00, 0x00, 0x00, 0x00, 0x00, 0x00, 0x00, 0x00,
  0x00, 0x00, 0x00, 0x00, 0x00, 0x00, 0x00, 0x00, 0x00, 0x00, 0x00, 0x00,
  0x00, 0x00, 0xef, 0xef, 0xef, 0x01, 0xf0, 0xf0, 0xf0, 0x7d, 0xdb, 0xdb,
  0xdb, 0xe6, 0xea, 0xea, 0xe9, 0xff, 0xe8, 0xe8, 0xe7, 0xfe, 0xd2, 0xd2,
  0xd2, 0xfe, 0xf4, 0xf4, 0xf4, 0xfc, 0xf0, 0xef, 0xef, 0xfc, 0xbb, 0xbb,
  0xbb, 0xfe, 0xc3, 0xc3, 0xc3, 0xfe, 0xc1, 0xc0, 0xc0, 0xfe, 0xb8, 0xb8,
  0xb8, 0xfe, 0xcd, 0xcd, 0xcd, 0xfe, 0xef, 0xef, 0xef, 0xfe, 0xfc, 0xfd,
  0xfe, 0xfe, 0xf1, 0xf3, 0xfe, 0xfe, 0xc1, 0xc8, 0xfd, 0xfe, 0x52, 0x6c,
  0xfe, 0xfe, 0x30, 0x51, 0xf7, 0xfe, 0x77, 0x8a, 0xd7, 0xf6, 0xe8, 0xea,
  0xf2, 0xb2, 0xfa, 0xfa, 0xf8, 0x1f, 0xf7, 0xf7, 0xf7, 0x00, 0x00, 0x00,
  0x00, 0x00, 0x00, 0x00, 0x00, 0x00, 0x00, 0x00, 0x00, 0x00, 0x00, 0x00,
  0x00, 0x00, 0x00, 0x00, 0x00, 0x00, 0x00, 0x00, 0x00, 0x00, 0x00, 0x00,
  0x00, 0x00, 0x00, 0x00, 0x00, 0x00, 0x00, 0x00, 0x00, 0x00, 0x00, 0x00,
  0x00, 0x00, 0x00, 0x00, 0x00, 0x00, 0x00, 0x00, 0x00, 0x00, 0x00, 0x00,
  0x00, 0x00, 0xeb, 0xeb, 0xeb, 0x01, 0xeb, 0xeb, 0xeb, 0x7f, 0xd9, 0xd9,
  0xd9, 0xe7, 0xe8, 0xe8, 0xe7, 0xff, 0xfc, 0xfc, 0xfb, 0xfe, 0xe6, 0xe6,
  0xe5, 0xfe, 0xcc, 0xcc, 0xcc, 0xfe, 0xe6, 0xe6, 0xe6, 0xfe, 0xd2, 0xd2,
  0xd2, 0xfe, 0xeb, 0xeb, 0xeb, 0xfe, 0xf4, 0xf4, 0xf4, 0xfe, 0xd6, 0xd6,
  0xd7, 0xfe, 0xb4, 0xb4, 0xb5, 0xfd, 0xd1, 0xd1, 0xd1, 0xfd, 0xf5, 0xf5,
  0xf5, 0xfe, 0xfd, 0xfe, 0xfe, 0xfe, 0xf7, 0xf8, 0xfd, 0xfe, 0xd4, 0xd9,
  0xfd, 0xfe, 0x70, 0x86, 0xf6, 0xfe, 0x7e, 0x8f, 0xd6, 0xf7, 0xe4, 0xe6,
  0xee, 0xb5, 0xf5, 0xf5, 0xf4, 0x1f, 0xf2, 0xf2, 0xf3, 0x00, 0x00, 0x00,
  0x00, 0x00, 0x00, 0x00, 0x00, 0x00, 0x00, 0x00, 0x00, 0x00, 0x00, 0x00,
  0x00, 0x00, 0x00, 0x00, 0x00, 0x00, 0x00, 0x00, 0x00, 0x00, 0x00, 0x00,
  0x00, 0x00, 0x00, 0x00, 0x00, 0x00, 0x00, 0x00, 0x00, 0x00, 0x00, 0x00,
  0x00, 0x00, 0x00, 0x00, 0x00, 0x00, 0x00, 0x00, 0x00, 0x00, 0x00, 0x00,
  0x00, 0x00, 0xed, 0xed, 0xed, 0x01, 0xed, 0xed, 0xed, 0x7b, 0xd7, 0xd7,
  0xd7, 0xe4, 0xe0, 0xe0, 0xe0, 0xff, 0xf8, 0xf8, 0xf8, 0xfe, 0xfb, 0xfb,
  0xfb, 0xfe, 0xed, 0xed, 0xed, 0xfe, 0xce, 0xcd, 0xce, 0xfe, 0xda, 0xda,
  0xda, 0xfe, 0xd0, 0xd0, 0xd0, 0xfe, 0xf6, 0xf6, 0xf6, 0xfe, 0xfb, 0xfb,
  0xfb, 0xfe, 0xf4, 0xf4, 0xf4, 0xfe, 0xf5, 0xf5, 0xf5, 0xfe, 0xf9, 0xfa,
  0xfa, 0xfe, 0xfc, 0xfc, 0xfc, 0xfe, 0xfd, 0xfd, 0xfd, 0xfe, 0xf8, 0xf8,
  0xfb, 0xfe, 0xe1, 0xe4, 0xf1, 0xfe, 0xb1, 0xb7, 0xd0, 0xf6, 0xe7, 0xe8,
  0xec, 0xb0, 0xf3, 0xf3, 0xf3, 0x1e, 0xf1, 0xf1, 0xf2, 0x00, 0x00, 0x00,
  0x00, 0x00, 0x00, 0x00, 0x00, 0x00, 0x00, 0x00, 0x00, 0x00, 0x00, 0x00,
  0x00, 0x00, 0x00, 0x00, 0x00, 0x00, 0x00, 0x00, 0x00, 0x00, 0x00, 0x00,
  0x00, 0x00, 0x00, 0x00, 0x00, 0x00, 0x00, 0x00, 0x00, 0x00, 0x00, 0x00,
  0x00, 0x00, 0x00, 0x00, 0x00, 0x00, 0x00, 0x00, 0x00, 0x00, 0x00, 0x00,
  0x00, 0x00, 0xed, 0xed, 0xed, 0x01, 0xec, 0xec, 0xec, 0x56, 0xf5, 0xf5,
  0xf5, 0xc9, 0xe0, 0xdf, 0xdf, 0xfd, 0xd6, 0xd5, 0xd5, 0xfe, 0xf2, 0xf2,
  0xf2, 0xfe, 0xfc, 0xfb, 0xfb, 0xfe, 0xf4, 0xf3, 0xf4, 0xfe, 0xd1, 0xd0,
  0xd1, 0xfe, 0xb8, 0xb7, 0xb8, 0xfe, 0xf2, 0xf2, 0xf2, 0xfe, 0xfd, 0xfd,
  0xfd, 0xfe, 0xd1, 0xd1, 0xd1, 0xfd, 0xc2, 0xc2, 0xc2, 0xfe, 0xd9, 0xd9,
  0xd9, 0xfe, 0xed, 0xed, 0xed, 0xfe, 0xf6, 0xf7, 0xf6, 0xfe, 0xe7, 0xe7,
  0xe7, 0xfd, 0xcf, 0xd0, 0xd1, 0xfd, 0xef, 0xf0, 0xf1, 0xeb, 0xed, 0xed,
  0xef, 0x83, 0xeb, 0xeb, 0xed, 0x15, 0xeb, 0xeb, 0xed, 0x00, 0x00, 0x00,
  0x00, 0x00, 0x00, 0x00, 0x00, 0x00, 0x00, 0x00, 0x00, 0x00, 0x00, 0x00,
  0x00, 0x00, 0x00, 0x00, 0x00, 0x00, 0x00, 0x00, 0x00, 0x00, 0x00, 0x00,
  0x00, 0x00, 0x00, 0x00, 0x00, 0x00, 0x00, 0x00, 0x00, 0x00, 0x00, 0x00,
  0x00, 0x00, 0x00, 0x00, 0x00, 0x00, 0x00, 0x00, 0x00, 0x00, 0x00, 0x00,
  0x00, 0x00, 0xd8, 0xd8, 0xd8, 0x00, 0xd3, 0xd3, 0xd3, 0x0c, 0xee, 0xee,
  0xef, 0x6d, 0xf6, 0xf6, 0xf6, 0xd4, 0xe6, 0xe6, 0xe5, 0xfa, 0xd2, 0xd2,
  0xd2, 0xfe, 0xea, 0xea, 0xea, 0xfd, 0xfb, 0xfa, 0xfb, 0xfe, 0xf6, 0xf6,
  0xf6, 0xfe, 0xd7, 0xd7, 0xd7, 0xfe, 0xf1, 0xf1, 0xf1, 0xfe, 0xfc, 0xfc,
  0xfc, 0xfe, 0xd9, 0xd9, 0xd9, 0xfe, 0xe5, 0xe5, 0xe5, 0xfe, 0xec, 0xec,
  0xec, 0xfd, 0xd2, 0xd2, 0xd2, 0xfd, 0xc7, 0xc7, 0xc7, 0xfe, 0xd6, 0xd7,
  0xd6, 0xfc, 0xf5, 0xf6, 0xf5, 0xe8, 0xef, 0xf0, 0xf0, 0x9c, 0xe3, 0xe3,
  0xe4, 0x22, 0xcc, 0xcc, 0xcd, 0x03, 0xd3, 0xd3, 0xd5, 0x00, 0x00, 0x00,
  0x00, 0x00, 0x00, 0x00, 0x00, 0x00, 0x00, 0x00, 0x00, 0x00, 0x00, 0x00,
  0x00, 0x00, 0x00, 0x00, 0x00, 0x00, 0x00, 0x00, 0x00, 0x00, 0x00, 0x00,
  0x00, 0x00, 0x00, 0x00, 0x00, 0x00, 0x00, 0x00, 0x00, 0x00, 0x00, 0x00,
  0x00, 0x00, 0x00, 0x00, 0x00, 0x00, 0x00, 0x00, 0x00, 0x00, 0x00, 0x00,
  0x00, 0x00, 0xb9, 0xb9, 0xb9, 0x00, 0xa3, 0xa3, 0xa2, 0x00, 0xdb, 0xdb,
  0xdb, 0x09, 0xea, 0xea, 0xec, 0x53, 0xf3, 0xf3, 0xf4, 0xbf, 0xeb, 0xeb,
  0xeb, 0xf7, 0xd2, 0xd2, 0xd2, 0xfd, 0xe0, 0xe0, 0xe0, 0xfe, 0xf8, 0xf8,
  0xf8, 0xfe, 0xfb, 0xfb, 0xfb, 0xfe, 0xfd, 0xfd, 0xfd, 0xfe, 0xfe, 0xfe,
  0xfe, 0xfe, 0xdc, 0xdb, 0xdc, 0xfe, 0xe9, 0xe8, 0xe9, 0xff, 0xf7, 0xf7,
  0xf7, 0xeb, 0xf1, 0xf2, 0xf2, 0xdf, 0xf7, 0xf8, 0xf7, 0xed, 0xf5, 0xf6,
  0xf5, 0xd7, 0xeb, 0xeb, 0xee, 0x79, 0xe7, 0xe7, 0xe9, 0x16, 0xd7, 0xd7,
  0xd7, 0x02, 0x35, 0x2f, 0x2f, 0x00, 0xa9, 0xa9, 0xa9, 0x00, 0x00, 0x00,
  0x00, 0x00, 0x00, 0x00, 0x00, 0x00, 0x00, 0x00, 0x00, 0x00, 0x00, 0x00,
  0x00, 0x00, 0x00, 0x00, 0x00, 0x00, 0x00, 0x00, 0x00, 0x00, 0x00, 0x00,
  0x00, 0x00, 0x00, 0x00, 0x00, 0x00, 0x00, 0x00, 0x00, 0x00, 0x00, 0x00,
  0x00, 0x00, 0x00, 0x00, 0x00, 0x00, 0x00, 0x00, 0x00, 0x00, 0x00, 0x00,
  0x00, 0x00, 0x00, 0x00, 0x00, 0x00, 0x00, 0x00, 0x00, 0x00, 0xff, 0xff,
  0xff, 0x00, 0xe7, 0xe6, 0xe9, 0x04, 0xe6, 0xe7, 0xe8, 0x39, 0xef, 0xf0,
  0xf0, 0xa4, 0xef, 0xef, 0xef, 0xf3, 0xd6, 0xd6, 0xd6, 0xfd, 0xd6, 0xd6,
  0xd6, 0xfe, 0xf6, 0xf6, 0xf6, 0xfe, 0xfd, 0xfd, 0xfd, 0xfe, 0xfe, 0xfe,
  0xfe, 0xfe, 0xe3, 0xe3, 0xe4, 0xfe, 0xe3, 0xe3, 0xe4, 0xff, 0xed, 0xee,
  0xee, 0xae, 0xe4, 0xe6, 0xe6, 0x45, 0xda, 0xdb, 0xdb, 0x34, 0xdf, 0xe0,
  0xe2, 0x35, 0xe5, 0xe6, 0xe9, 0x0b, 0xdb, 0xdb, 0xde, 0x01, 0x00, 0x00,
  0x00, 0x00, 0x00, 0x00, 0x00, 0x00, 0x00, 0x00, 0x00, 0x00, 0x00, 0x00,
  0x00, 0x00, 0x00, 0x00, 0x00, 0x00, 0x00, 0x00, 0x00, 0x00, 0x00, 0x00,
  0x00, 0x00, 0x00, 0x00, 0x00, 0x00, 0x00, 0x00, 0x00, 0x00, 0x00, 0x00,
  0x00, 0x00, 0x00, 0x00, 0x00, 0x00, 0x00, 0x00, 0x00, 0x00, 0x00, 0x00,
  0x00, 0x00, 0x00, 0x00, 0x00, 0x00, 0x00, 0x00, 0x00, 0x00, 0x00, 0x00,
  0x00, 0x00, 0x00, 0x00, 0x00, 0x00, 0x00, 0x00, 0x00, 0x00, 0x00, 0x00,
  0x00, 0x00, 0xe2, 0xe4, 0xe4, 0x00, 0xde, 0xe2, 0xe2, 0x03, 0xe5, 0xe5,
  0xe5, 0x26, 0xee, 0xee, 0xee, 0x84, 0xf2, 0xf2, 0xf2, 0xe9, 0xdd, 0xdd,
  0xdd, 0xfc, 0xce, 0xce, 0xcf, 0xfe, 0xf1, 0xf1, 0xf1, 0xfe, 0xf9, 0xf9,
  0xf9, 0xfe, 0xde, 0xde, 0xdf, 0xfe, 0xdb, 0xdb, 0xdb, 0xff, 0xe4, 0xe4,
  0xe4, 0xb0, 0xe2, 0xe2, 0xe2, 0x36, 0xac, 0xac, 0xb0, 0x02, 0xcf, 0xcf,
  0xd4, 0x03, 0xcf, 0xcf, 0xd4, 0x00, 0x00, 0x00, 0x00, 0x00, 0x00, 0x00,
  0x00, 0x00, 0x00, 0x00, 0x00, 0x00, 0x00, 0x00, 0x00, 0x00, 0x00, 0x00,
  0x00, 0x00, 0x00, 0x00, 0x00, 0x00, 0x00, 0x00, 0x00, 0x00, 0x00, 0x00,
  0x00, 0x00, 0x00, 0x00, 0x00, 0x00, 0x00, 0x00, 0x00, 0x00, 0x00, 0x00,
  0x00, 0x00, 0x00, 0x00, 0x00, 0x00, 0x00, 0x00, 0x00, 0x00, 0x00, 0x00,
  0x00, 0x00, 0x00, 0x00, 0x00, 0x00, 0x00, 0x00, 0x00, 0x00, 0x00, 0x00,
  0x00, 0x00, 0x00, 0x00, 0x00, 0x00, 0x00, 0x00, 0x00, 0x00, 0x00, 0x00,
  0x00, 0x00, 0x00, 0x00, 0x00, 0x00, 0xe1, 0xe1, 0xe1, 0x00, 0xe0, 0xe0,
  0xde, 0x02, 0xe0, 0xe0, 0xe2, 0x17, 0xea, 0xea, 0xec, 0x63, 0xf4, 0xf4,
  0xf4, 0xda, 0xe5, 0xe6, 0xe6, 0xf9, 0xc7, 0xc7, 0xc7, 0xfe, 0xc5, 0xc4,
  0xc5, 0xfe, 0xd8, 0xd8, 0xd8, 0xfc, 0xee, 0xee, 0xee, 0xf3, 0xf3, 0xf3,
  0xf4, 0x86, 0xcc, 0xcc, 0xcb, 0x12, 0xd5, 0xd5, 0xd5, 0x00, 0x00, 0x00,
  0x00, 0x00, 0x00, 0x00, 0x00, 0x00, 0x00, 0x00, 0x00, 0x00, 0x00, 0x00,
  0x00, 0x00, 0x00, 0x00, 0x00, 0x00, 0x00, 0x00, 0x00, 0x00, 0x00, 0x00,
  0x00, 0x00, 0x00, 0x00, 0x00, 0x00, 0x00, 0x00, 0x00, 0x00, 0x00, 0x00,
  0x00, 0x00, 0x00, 0x00, 0x00, 0x00, 0x00, 0x00, 0x00, 0x00, 0x00, 0x00,
  0x00, 0x00, 0x00, 0x00, 0x00, 0x00, 0x00, 0x00, 0x00, 0x00, 0x00, 0x00,
  0x00, 0x00, 0x00, 0x00, 0x00, 0x00, 0x00, 0x00, 0x00, 0x00, 0x00, 0x00,
  0x00, 0x00, 0x00, 0x00, 0x00, 0x00, 0x00, 0x00, 0x00, 0x00, 0x00, 0x00,
  0x00, 0x00, 0x00, 0x00, 0x00, 0x00, 0x00, 0x00, 0x00, 0x00, 0xd8, 0xd8,
  0xdc, 0x00, 0xd1, 0xd1, 0xd7, 0x01, 0xdf, 0xdf, 0xe0, 0x0e, 0xe9, 0xe9,
  0xea, 0x47, 0xf2, 0xf4, 0xf4, 0xc5, 0xef, 0xef, 0xef, 0xf3, 0xeb, 0xeb,
  0xeb, 0xfa, 0xf1, 0xf2, 0xf2, 0xe6, 0xef, 0xf0, 0xf0, 0x83, 0xdf, 0xdf,
  0xdf, 0x21, 0x7b, 0x7b, 0x79, 0x00, 0xd0, 0xd0, 0xd0, 0x00, 0x00, 0x00,
  0x00, 0x00, 0x00, 0x00, 0x00, 0x00, 0x00, 0x00, 0x00, 0x00, 0x00, 0x00,
  0x00, 0x00, 0x00, 0x00, 0x00, 0x00, 0x00, 0x00, 0x00, 0x00, 0x00, 0x00,
  0x00, 0x00, 0x00, 0x00, 0x00, 0x00, 0x00, 0x00, 0x00, 0x00, 0x00, 0x00,
  0x00, 0x00, 0x00, 0x00, 0x00, 0x00, 0x00, 0x00, 0x00, 0x00, 0x00, 0x00,
  0x00, 0x00, 0x00, 0x00, 0x00, 0x00, 0x00, 0x00, 0x00, 0x00, 0x00, 0x00,
  0x00, 0x00, 0x00, 0x00, 0x00, 0x00, 0x00, 0x00, 0x00, 0x00, 0x00, 0x00,
  0x00, 0x00, 0x00, 0x00, 0x00, 0x00, 0x00, 0x00, 0x00, 0x00, 0x00, 0x00,
  0x00, 0x00, 0x00, 0x00, 0x00, 0x00, 0x00, 0x00, 0x00, 0x00, 0x00, 0x00,
  0x00, 0x00, 0xd7, 0xd7, 0xd7, 0x00, 0xd5, 0xd5, 0xd5, 0x00, 0xda, 0xdb,
  0xdb, 0x07, 0xe1, 0xe2, 0xe2, 0x2e, 0xed, 0xef, 0xef, 0xa0, 0xee, 0xef,
  0xef, 0xbc, 0xea, 0xea, 0xea, 0x5d, 0xdd, 0xde, 0xde, 0x14, 0xd2, 0xd2,
  0xd2, 0x02, 0xd8, 0xd8, 0xd8, 0x00, 0x00, 0x00, 0x00, 0x00, 0x00, 0x00,
  0x00, 0x00, 0x00, 0x00, 0x00, 0x00, 0x00, 0x00, 0x00, 0x00, 0x00, 0x00,
  0x00, 0x00, 0x00, 0x00, 0x00, 0x00, 0x00, 0x00, 0x00, 0x00, 0x00, 0x00,
  0x00, 0x00, 0x00, 0x00, 0x00, 0x00, 0x00, 0x00, 0x00, 0x00, 0x00, 0x00,
  0x00, 0x00, 0x00, 0x00, 0x00, 0x00, 0x00, 0x00, 0x00, 0x00, 0x00, 0x00,
  0x00, 0x00, 0x00, 0x00, 0x00, 0x00, 0x00, 0x00, 0x00, 0x00, 0x00, 0x00,
  0x00, 0x00, 0x00, 0x00, 0x00, 0x00, 0x00, 0x00, 0x00, 0x00, 0x00, 0x00,
  0x00, 0x00, 0x00, 0x00, 0x00, 0x00, 0x00, 0x00, 0x00, 0x00, 0x00, 0x00,
  0x00, 0x00, 0x00, 0x00, 0x00, 0x00, 0x00, 0x00, 0x00, 0x00, 0x00, 0x00,
  0x00, 0x00, 0x00, 0x00, 0x00, 0x00, 0xc6, 0xc6, 0xc6, 0x00, 0xc5, 0xc4,
  0xc4, 0x00, 0xd5, 0xd6, 0xd6, 0x03, 0xec, 0xee, 0xee, 0x0e, 0xee, 0xef,
  0xef, 0x11, 0xe7, 0xe7, 0xe7, 0x07, 0xc3, 0xc3, 0xc3, 0x01, 0xd0, 0xd0,
  0xd0, 0x00, 0x00, 0x00, 0x00, 0x00, 0x00, 0x00, 0x00, 0x00, 0x00, 0x00,
  0x00, 0x00, 0x00, 0x00, 0x00, 0x00, 0x00, 0x00, 0x00, 0x00, 0x00, 0x00,
  0x00, 0x00, 0x00, 0x00, 0x00, 0x00, 0x00, 0x00, 0x00, 0x00, 0x00, 0x00,
  0x00, 0x00, 0x00, 0x00, 0x00, 0x00, 0x00, 0x00, 0x00, 0x00, 0x00, 0x00,
  0x00, 0x00, 0x00, 0x00, 0x00, 0x00, 0x00, 0x00, 0x00, 0x00, 0x00, 0x00,
  0x00, 0x00, 0x00, 0x00, 0x00, 0x00, 0x00, 0x00, 0x00, 0x00, 0x00, 0x00,
  0x00, 0x00, 0x00, 0x00, 0x00, 0x00, 0x00, 0x00, 0x00, 0x00, 0x00, 0x00,
  0x00, 0x00, 0x00, 0x00, 0x00, 0x00, 0x00, 0x00, 0x00, 0x00, 0x00, 0x00,
  0x00, 0x00, 0x00, 0x00, 0x00, 0x00, 0x00, 0x00, 0x00, 0x00, 0x00, 0x00,
  0x00, 0x00, 0x00, 0x00, 0x00, 0x00, 0x00, 0x00, 0x00, 0x00, 0x00, 0x00,
  0x00, 0x00, 0x00, 0x00, 0x00, 0x00, 0x00, 0x00, 0x00, 0x00, 0x00, 0x00,
  0x00, 0x00, 0x00, 0x00, 0x00, 0x00, 0x00, 0x00, 0x00, 0x00, 0x00, 0x00,
  0x00, 0x00, 0x00, 0x00, 0x00, 0x00, 0x00, 0x00, 0x00, 0x00, 0x00, 0x00,
  0x00, 0x00, 0x00, 0x00, 0x00, 0x00, 0x00, 0x00, 0x00, 0x00, 0x00, 0x00,
  0x00, 0x00, 0x00, 0x00, 0x00, 0x00, 0x00, 0x00, 0x00, 0x00, 0x00, 0x00,
  0x00, 0x00, 0x00, 0x00, 0x00, 0x00, 0x00, 0x00, 0x00, 0x00, 0x00, 0x00,
  0x00, 0x00, 0x00, 0x00, 0x00, 0x00, 0x00, 0x00, 0x00, 0x00, 0xff, 0xff,
  0x0f, 0xff, 0xf0, 0x00, 0x00, 0x00, 0xff, 0xfc, 0x03, 0xff, 0xf0, 0x00,
  0x00, 0x00, 0xff, 0xf8, 0x00, 0xff, 0xf0, 0x00, 0x00, 0x00, 0xff, 0xf0,
  0x00, 0x7f, 0xf0, 0x00, 0x00, 0x00, 0xff, 0xe0, 0x00, 0x1f, 0xf0, 0x00,
  0x00, 0x00, 0xff, 0x80, 0x00, 0x0f, 0xf0, 0x00, 0x00, 0x00, 0xff, 0x80,
  0x00, 0x07, 0xf0, 0x00, 0x00, 0x00, 0xff, 0x00, 0x00, 0x07, 0xf0, 0x00,
  0x00, 0x00, 0xff, 0x00, 0x00, 0x07, 0xf0, 0x00, 0x00, 0x00, 0xfe, 0x00,
  0x00, 0x07, 0xf0, 0x00, 0x00, 0x00, 0xfe, 0x00, 0x00, 0x07, 0xf0, 0x00,
  0x00, 0x00, 0xfe, 0x00, 0x00, 0x07, 0xf0, 0x00, 0x00, 0x00, 0xfe, 0x00,
  0x00, 0x07, 0xf0, 0x00, 0x00, 0x00, 0xfe, 0x00, 0x00, 0x07, 0xf0, 0x00,
  0x00, 0x00, 0xfe, 0x00, 0x00, 0x07, 0xf0, 0x00, 0x00, 0x00, 0xfe, 0x00,
  0x00, 0x07, 0xf0, 0x00, 0x00, 0x00, 0xfe, 0x00, 0x00, 0x07, 0xf0, 0x00,
  0x00, 0x00, 0xfe, 0x00, 0x00, 0x07, 0xf0, 0x00, 0x00, 0x00, 0xfe, 0x00,
  0x00, 0x07, 0xf0, 0x00, 0x00, 0x00, 0xfe, 0x00, 0x00, 0x07, 0xf0, 0x00,
  0x00, 0x00, 0xfe, 0x00, 0x00, 0x07, 0xf0, 0x00, 0x00, 0x00, 0xfe, 0x00,
  0x00, 0x07, 0xf0, 0x00, 0x00, 0x00, 0xfe, 0x00, 0x00, 0x07, 0xf0, 0x00,
  0x00, 0x00, 0xff, 0x00, 0x00, 0x07, 0xf0, 0x00, 0x00, 0x00, 0xff, 0x80,
  0x00, 0x0f, 0xf0, 0x00, 0x00, 0x00, 0xff, 0xc0, 0x00, 0x1f, 0xf0, 0x00,
  0x00, 0x00, 0xff, 0xe0, 0x00, 0x7f, 0xf0, 0x00, 0x00, 0x00, 0xff, 0xf0,
  0x01, 0xff, 0xf0, 0x00, 0x00, 0x00, 0xff, 0xf8, 0x03, 0xff, 0xf0, 0x00,
  0x00, 0x00, 0xff, 0xfe, 0x03, 0xff, 0xf0, 0x00, 0x00, 0x00, 0xff, 0xff,
  0x07, 0xff, 0xf0, 0x00, 0x00, 0x00, 0xff, 0xff, 0xff, 0xff, 0xf0, 0x00,
  0x00, 0x00, 0x28, 0x00, 0x00, 0x00, 0x36, 0x00, 0x00, 0x00, 0x60, 0x00,
  0x00, 0x00, 0x01, 0x00, 0x20, 0x00, 0x00, 0x00, 0x00, 0x00, 0x00, 0x00,
  0x00, 0x00, 0x00, 0x00, 0x00, 0x00, 0x00, 0x00, 0x00, 0x00, 0x00, 0x00,
  0x00, 0x00, 0x00, 0x00, 0x00, 0x00, 0x00, 0x00, 0x00, 0x00, 0x00, 0x00,
  0x00, 0x00, 0x00, 0x00, 0x00, 0x00, 0x00, 0x00, 0x00, 0x00, 0x00, 0x00,
  0x00, 0x00, 0x00, 0x00, 0x00, 0x00, 0x00, 0x00, 0x00, 0x00, 0x00, 0x00,
  0x00, 0x00, 0x00, 0x00, 0x00, 0x00, 0x00, 0x00, 0x00, 0x00, 0x00, 0x00,
  0x00, 0x00, 0x00, 0x00, 0x00, 0x00, 0x00, 0x00, 0x00, 0x00, 0x00, 0x00,
  0x00, 0x00, 0x00, 0x00, 0x00, 0x00, 0x00, 0x00, 0x00, 0x00, 0x00, 0x00,
  0x00, 0x00, 0x00, 0x00, 0x00, 0x00, 0x00, 0x00, 0x00, 0x00, 0x00, 0x00,
  0x00, 0x00, 0x00, 0x00, 0x00, 0x00, 0x00, 0x00, 0x00, 0x00, 0x00, 0x00,
  0x00, 0x00, 0x00, 0x00, 0x00, 0x00, 0x00, 0x00, 0x00, 0x00, 0x23, 0x36,
  0x36, 0x00, 0x33, 0x4b, 0x4b, 0x01, 0x33, 0x4c, 0x4c, 0x00, 0x00, 0x00,
  0x00, 0x00, 0x00, 0x00, 0x00, 0x00, 0x00, 0x00, 0x00, 0x00, 0x00, 0x00,
  0x00, 0x00, 0x00, 0x00, 0x00, 0x00, 0x00, 0x00, 0x00, 0x00, 0x00, 0x00,
  0x00, 0x00, 0x00, 0x00, 0x00, 0x00, 0x00, 0x00, 0x00, 0x00, 0x00, 0x00,
  0x00, 0x00, 0x00, 0x00, 0x00, 0x00, 0x00, 0x00, 0x00, 0x00, 0x00, 0x00,
  0x00, 0x00, 0x00, 0x00, 0x00, 0x00, 0x00, 0x00, 0x00, 0x00, 0x00, 0x00,
  0x00, 0x00, 0x00, 0x00, 0x00, 0x00, 0x00, 0x00, 0x00, 0x00, 0x00, 0x00,
  0x00, 0x00, 0x00, 0x00, 0x00, 0x00, 0x00, 0x00, 0x00, 0x00, 0x00, 0x00,
  0x00, 0x00, 0x00, 0x00, 0x00, 0x00, 0x00, 0x00, 0x00, 0x00, 0x00, 0x00,
  0x00, 0x00, 0x00, 0x00, 0x00, 0x00, 0x00, 0x00, 0x00, 0x00, 0x00, 0x00,
  0x00, 0x00, 0x00, 0x00, 0x00, 0x00, 0x00, 0x00, 0x00, 0x00, 0x00, 0x00,
  0x00, 0x00, 0x00, 0x00, 0x00, 0x00, 0x00, 0x00, 0x00, 0x00, 0x00, 0x00,
  0x00, 0x00, 0x00, 0x00, 0x00, 0x00, 0x00, 0x00, 0x00, 0x00, 0x00, 0x00,
  0x00, 0x00, 0x00, 0x00, 0x00, 0x00, 0x00, 0x00, 0x00, 0x00, 0x00, 0x00,
  0x00, 0x00, 0x00, 0x00, 0x00, 0x00, 0x00, 0x00, 0x00, 0x00, 0x00, 0x00,
  0x00, 0x00, 0x00, 0x00, 0x00, 0x00, 0x00, 0x00, 0x00, 0x00, 0x00, 0x00,
  0x00, 0x00, 0x00, 0x00, 0x00, 0x00, 0x00, 0x00, 0x00, 0x00, 0xb9, 0xb9,
  0xb9, 0x00, 0x71, 0x71, 0x68, 0x00, 0xcd, 0xcd, 0xcf, 0x04, 0xd1, 0xd1,
  0xd3, 0x10, 0xd0, 0xd3, 0xd3, 0x18, 0xd6, 0xd7, 0xda, 0x0d, 0xc9, 0xca,
  0xd2, 0x02, 0x00, 0x00, 0x00, 0x00, 0x6d, 0x6d, 0x91, 0x00, 0x00, 0x00,
  0x00, 0x00, 0x00, 0x00, 0x00, 0x00, 0x00, 0x00, 0x00, 0x00, 0x00, 0x00,
  0x00, 0x00, 0x00, 0x00, 0x00, 0x00, 0x00, 0x00, 0x00, 0x00, 0x00, 0x00,
  0x00, 0x00, 0x00, 0x00, 0x00, 0x00, 0x00, 0x00, 0x00, 0x00, 0x00, 0x00,
  0x00, 0x00, 0x00, 0x00, 0x00, 0x00, 0x00, 0x00, 0x00, 0x00, 0x00, 0x00,
  0x00, 0x00, 0x00, 0x00, 0x00, 0x00, 0x00, 0x00, 0x00, 0x00, 0x00, 0x00,
  0x00, 0x00, 0x00, 0x00, 0x00, 0x00, 0x00, 0x00, 0x00, 0x00, 0x00, 0x00,
  0x00, 0x00, 0x00, 0x00, 0x00, 0x00, 0x00, 0x00, 0x00, 0x00, 0x00, 0x00,
  0x00, 0x00, 0x00, 0x00, 0x00, 0x00, 0x00, 0x00, 0x00, 0x00, 0x00, 0x00,
  0x00, 0x00, 0x00, 0x00, 0x00, 0x00, 0x00, 0x00, 0x00, 0x00, 0x00, 0x00,
  0x00, 0x00, 0x00, 0x00, 0x00, 0x00, 0x00, 0x00, 0x00, 0x00, 0x00, 0x00,
  0x00, 0x00, 0x00, 0x00, 0x00, 0x00, 0x00, 0x00, 0x00, 0x00, 0x00, 0x00,
  0x00, 0x00, 0x00, 0x00, 0x00, 0x00, 0x00, 0x00, 0x00, 0x00, 0x00, 0x00,
  0x00, 0x00, 0x00, 0x00, 0x00, 0x00, 0x00, 0x00, 0x00, 0x00, 0x00, 0x00,
  0x00, 0x00, 0x00, 0x00, 0x00, 0x00, 0x00, 0x00, 0x00, 0x00, 0x00, 0x00,
  0x00, 0x00, 0x00, 0x00, 0x00, 0x00, 0x00, 0x00, 0x00, 0x00, 0xc9, 0xc8,
  0xc7, 0x01, 0xd0, 0xd1, 0xd2, 0x08, 0xdd, 0xdd, 0xdf, 0x36, 0xe6, 0xe6,
  0xe8, 0x9b, 0xf1, 0xf2, 0xf2, 0xc4, 0xe1, 0xe2, 0xe5, 0x8c, 0xd4, 0xd4,
  0xda, 0x23, 0xae, 0xae, 0xbd, 0x02, 0xa3, 0xa3, 0x99, 0x00, 0xb2, 0xb2,
  0xbf, 0x01, 0xb1, 0xbc, 0xcd, 0x01, 0x00, 0xff, 0xff, 0x00, 0x00, 0x00,
  0x00, 0x00, 0x00, 0x00, 0x00, 0x00, 0x00, 0x00, 0x00, 0x00, 0x00, 0x00,
  0x00, 0x00, 0x00, 0x00, 0x00, 0x00, 0x00, 0x00, 0x00, 0x00, 0x00, 0x00,
  0x00, 0x00, 0x00, 0x00, 0x00, 0x00, 0x00, 0x00, 0x00, 0x00, 0x00, 0x00,
  0x00, 0x00, 0x00, 0x00, 0x00, 0x00, 0x00, 0x00, 0x00, 0x00, 0x00, 0x00,
  0x00, 0x00, 0x00, 0x00, 0x00, 0x00, 0x00, 0x00, 0x00, 0x00, 0x00, 0x00,
  0x00, 0x00, 0x00, 0x00, 0x00, 0x00, 0x00, 0x00, 0x00, 0x00, 0x00, 0x00,
  0x00, 0x00, 0x00, 0x00, 0x00, 0x00, 0x00, 0x00, 0x00, 0x00, 0x00, 0x00,
  0x00, 0x00, 0x00, 0x00, 0x00, 0x00, 0x00, 0x00, 0x00, 0x00, 0x00, 0x00,
  0x00, 0x00, 0x00, 0x00, 0x00, 0x00, 0x00, 0x00, 0x00, 0x00, 0x00, 0x00,
  0x00, 0x00, 0x00, 0x00, 0x00, 0x00, 0x00, 0x00, 0x00, 0x00, 0x00, 0x00,
  0x00, 0x00, 0x00, 0x00, 0x00, 0x00, 0x00, 0x00, 0x00, 0x00, 0x00, 0x00,
  0x00, 0x00, 0x00, 0x00, 0x00, 0x00, 0x00, 0x00, 0x00, 0x00, 0x00, 0x00,
  0x00, 0x00, 0x00, 0x00, 0x00, 0x00, 0x00, 0x00, 0x00, 0x00, 0x00, 0x00,
  0x00, 0x00, 0x00, 0x00, 0x00, 0x00, 0xc6, 0xc6, 0xc9, 0x03, 0xd9, 0xd9,
  0xd9, 0x15, 0xe2, 0xe3, 0xe4, 0x57, 0xec, 0xed, 0xee, 0xc1, 0xf9, 0xf9,
  0xfa, 0xf5, 0xf9, 0xf9, 0xf9, 0xfa, 0xf9, 0xf9, 0xf9, 0xe7, 0xed, 0xed,
  0xef, 0x77, 0xe2, 0xe2, 0xe5, 0x19, 0xd1, 0xd1, 0xd2, 0x0d, 0xd4, 0xd5,
  0xda, 0x18, 0xd1, 0xd6, 0xdd, 0x10, 0xc2, 0xda, 0xdc, 0x04, 0xc4, 0xd9,
  0xdc, 0x00, 0x00, 0x00, 0x00, 0x00, 0x00, 0x00, 0x00, 0x00, 0x00, 0x00,
  0x00, 0x00, 0x00, 0x00, 0x00, 0x00, 0x00, 0x00, 0x00, 0x00, 0x00, 0x00,
  0x00, 0x00, 0x00, 0x00, 0x00, 0x00, 0x00, 0x00, 0x00, 0x00, 0x00, 0x00,
  0x00, 0x00, 0x00, 0x00, 0x00, 0x00, 0x00, 0x00, 0x00, 0x00, 0x00, 0x00,
  0x00, 0x00, 0x00, 0x00, 0x00, 0x00, 0x00, 0x00, 0x00, 0x00, 0x00, 0x00,
  0x00, 0x00, 0x00, 0x00, 0x00, 0x00, 0x00, 0x00, 0x00, 0x00, 0x00, 0x00,
  0x00, 0x00, 0x00, 0x00, 0x00, 0x00, 0x00, 0x00, 0x00, 0x00, 0x00, 0x00,
  0x00, 0x00, 0x00, 0x00, 0x00, 0x00, 0x00, 0x00, 0x00, 0x00, 0x00, 0x00,
  0x00, 0x00, 0x00, 0x00, 0x00, 0x00, 0x00, 0x00, 0x00, 0x00, 0x00, 0x00,
  0x00, 0x00, 0x00, 0x00, 0x00, 0x00, 0x00, 0x00, 0x00, 0x00, 0x00, 0x00,
  0x00, 0x00, 0x00, 0x00, 0x00, 0x00, 0x00, 0x00, 0x00, 0x00, 0x00, 0x00,
  0x00, 0x00, 0x00, 0x00, 0x00, 0x00, 0x00, 0x00, 0x00, 0x00, 0x00, 0x00,
  0x00, 0x00, 0x00, 0x00, 0x00, 0x00, 0x00, 0x00, 0x00, 0x00, 0xc6, 0xc8,
  0xc8, 0x00, 0xbc, 0xbe, 0xbd, 0x05, 0xde, 0xde, 0xe1, 0x2c, 0xeb, 0xeb,
  0xed, 0x80, 0xf5, 0xf5, 0xf5, 0xd6, 0xf6, 0xf6, 0xf6, 0xf9, 0xe4, 0xe3,
  0xe4, 0xfe, 0xd3, 0xd3, 0xd3, 0xfe, 0xf1, 0xf1, 0xf1, 0xf8, 0xf2, 0xf2,
  0xf3, 0xb2, 0xe1, 0xe1, 0xe4, 0x4a, 0xe7, 0xe7, 0xe9, 0x6f, 0xec, 0xed,
  0xee, 0x9d, 0xe7, 0xe9, 0xea, 0x79, 0xd9, 0xdb, 0xde, 0x31, 0xcd, 0xcc,
  0xce, 0x06, 0x8c, 0x8c, 0x8d, 0x00, 0x00, 0x00, 0x00, 0x00, 0x00, 0x00,
  0x00, 0x00, 0x00, 0x00, 0x00, 0x00, 0x00, 0x00, 0x00, 0x00, 0x00, 0x00,
  0x00, 0x00, 0x00, 0x00, 0x00, 0x00, 0x00, 0x00, 0x00, 0x00, 0x00, 0x00,
  0x00, 0x00, 0x00, 0x00, 0x00, 0x00, 0x00, 0x00, 0x00, 0x00, 0x00, 0x00,
  0x00, 0x00, 0x00, 0x00, 0x00, 0x00, 0x00, 0x00, 0x00, 0x00, 0x00, 0x00,
  0x00, 0x00, 0x00, 0x00, 0x00, 0x00, 0x00, 0x00, 0x00, 0x00, 0x00, 0x00,
  0x00, 0x00, 0x00, 0x00, 0x00, 0x00, 0x00, 0x00, 0x00, 0x00, 0x00, 0x00,
  0x00, 0x00, 0x00, 0x00, 0x00, 0x00, 0x00, 0x00, 0x00, 0x00, 0x00, 0x00,
  0x00, 0x00, 0x00, 0x00, 0x00, 0x00, 0x00, 0x00, 0x00, 0x00, 0x00, 0x00,
  0x00, 0x00, 0x00, 0x00, 0x00, 0x00, 0x00, 0x00, 0x00, 0x00, 0x00, 0x00,
  0x00, 0x00, 0x00, 0x00, 0x00, 0x00, 0x00, 0x00, 0x00, 0x00, 0x00, 0x00,
  0x00, 0x00, 0x00, 0x00, 0x00, 0x00, 0x00, 0x00, 0x00, 0x00, 0x00, 0x00,
  0x00, 0x00, 0xd4, 0xd4, 0xd4, 0x00, 0xd4, 0xd4, 0xd4, 0x01, 0xdc, 0xdc,
  0xde, 0x07, 0xd7, 0xd8, 0xd8, 0x3d, 0xed, 0xee, 0xee, 0xa3, 0xf8, 0xf8,
  0xf9, 0xec, 0xf5, 0xf5, 0xf5, 0xfb, 0xdf, 0xdf, 0xdf, 0xfe, 0xc0, 0xc0,
  0xc0, 0xfe, 0xd2, 0xd2, 0xd2, 0xfe, 0xc3, 0xc3, 0xc3, 0xfb, 0xea, 0xea,
  0xeb, 0xd5, 0xea, 0xeb, 0xed, 0xa7, 0xf6, 0xf7, 0xf7, 0xd6, 0xfb, 0xfc,
  0xfc, 0xf7, 0xf9, 0xfa, 0xfb, 0xee, 0xef, 0xf0, 0xf1, 0xb6, 0xd7, 0xd7,
  0xd8, 0x50, 0xd7, 0xd8, 0xda, 0x09, 0xc0, 0xcc, 0xcd, 0x01, 0xb6, 0xc8,
  0xc8, 0x00, 0x00, 0x00, 0x00, 0x00, 0x00, 0x00, 0x00, 0x00, 0x00, 0x00,
  0x00, 0x00, 0x00, 0x00, 0x00, 0x00, 0x00, 0x00, 0x00, 0x00, 0x00, 0x00,
  0x00, 0x00, 0x00, 0x00, 0x00, 0x00, 0x00, 0x00, 0x00, 0x00, 0x00, 0x00,
  0x00, 0x00, 0x00, 0x00, 0x00, 0x00, 0x00, 0x00, 0x00, 0x00, 0x00, 0x00,
  0x00, 0x00, 0x00, 0x00, 0x00, 0x00, 0x00, 0x00, 0x00, 0x00, 0x00, 0x00,
  0x00, 0x00, 0x00, 0x00, 0x00, 0x00, 0x00, 0x00, 0x00, 0x00, 0x00, 0x00,
  0x00, 0x00, 0x00, 0x00, 0x00, 0x00, 0x00, 0x00, 0x00, 0x00, 0x00, 0x00,
  0x00, 0x00, 0x00, 0x00, 0x00, 0x00, 0x00, 0x00, 0x00, 0x00, 0x00, 0x00,
  0x00, 0x00, 0x00, 0x00, 0x00, 0x00, 0x00, 0x00, 0x00, 0x00, 0x00, 0x00,
  0x00, 0x00, 0x00, 0x00, 0x00, 0x00, 0x00, 0x00, 0x00, 0x00, 0x00, 0x00,
  0x00, 0x00, 0x00, 0x00, 0x00, 0x00, 0x00, 0x00, 0x00, 0x00, 0xc3, 0xc3,
  0xc3, 0x00, 0xcc, 0xcc, 0xcc, 0x03, 0xdf, 0xdf, 0xdf, 0x17, 0xe1, 0xe1,
  0xe2, 0x61, 0xf3, 0xf3, 0xf4, 0xc5, 0xf8, 0xf8, 0xf8, 0xf8, 0xec, 0xec,
  0xec, 0xfd, 0xce, 0xce, 0xce, 0xfe, 0xc0, 0xc0, 0xc0, 0xfe, 0xef, 0xef,
  0xef, 0xfe, 0xf3, 0xf3, 0xf3, 0xfe, 0xbe, 0xbd, 0xbe, 0xfc, 0xe4, 0xe4,
  0xe5, 0xe9, 0xeb, 0xeb, 0xec, 0xe2, 0xf3, 0xf3, 0xf4, 0xf5, 0xe9, 0xe9,
  0xec, 0xfe, 0xea, 0xea, 0xed, 0xfe, 0xf8, 0xf8, 0xf9, 0xf8, 0xf5, 0xf6,
  0xf6, 0xc9, 0xe3, 0xe4, 0xe5, 0x65, 0xd4, 0xdb, 0xdc, 0x17, 0xbf, 0xc4,
  0xc4, 0x03, 0xab, 0xaa, 0xaa, 0x00, 0xad, 0xad, 0xad, 0x00, 0x00, 0x00,
  0x00, 0x00, 0x00, 0x00, 0x00, 0x00, 0x00, 0x00, 0x00, 0x00, 0x00, 0x00,
  0x00, 0x00, 0x00, 0x00, 0x00, 0x00, 0x00, 0x00, 0x00, 0x00, 0x00, 0x00,
  0x00, 0x00, 0x00, 0x00, 0x00, 0x00, 0x00, 0x00, 0x00, 0x00, 0x00, 0x00,
  0x00, 0x00, 0x00, 0x00, 0x00, 0x00, 0x00, 0x00, 0x00, 0x00, 0x00, 0x00,
  0x00, 0x00, 0x00, 0x00, 0x00, 0x00, 0x00, 0x00, 0x00, 0x00, 0x00, 0x00,
  0x00, 0x00, 0x00, 0x00, 0x00, 0x00, 0x00, 0x00, 0x00, 0x00, 0x00, 0x00,
  0x00, 0x00, 0x00, 0x00, 0x00, 0x00, 0x00, 0x00, 0x00, 0x00, 0x00, 0x00,
  0x00, 0x00, 0x00, 0x00, 0x00, 0x00, 0x00, 0x00, 0x00, 0x00, 0x00, 0x00,
  0x00, 0x00, 0x00, 0x00, 0x00, 0x00, 0x00, 0x00, 0x00, 0x00, 0x00, 0x00,
  0x00, 0x00, 0xb9, 0xbf, 0xbf, 0x00, 0xb7, 0xbe, 0xbe, 0x00, 0xc7, 0xca,
  0xcb, 0x06, 0xda, 0xda, 0xdb, 0x28, 0xec, 0xec, 0xec, 0x84, 0xf8, 0xf8,
  0xf7, 0xd5, 0xf7, 0xf7, 0xf7, 0xf9, 0xe0, 0xe0, 0xe0, 0xfe, 0xc7, 0xc7,
  0xc7, 0xfe, 0xd5, 0xd6, 0xd6, 0xfe, 0xf5, 0xf6, 0xf6, 0xfe, 0xfd, 0xfd,
  0xfd, 0xfe, 0xf7, 0xf7, 0xf7, 0xfe, 0xbd, 0xbd, 0xbd, 0xfe, 0xdb, 0xdb,
  0xdb, 0xfc, 0xea, 0xea, 0xea, 0xfb, 0xeb, 0xec, 0xef, 0xfd, 0xad, 0xb2,
  0xca, 0xfe, 0x95, 0x9c, 0xbb, 0xfe, 0xd7, 0xd9, 0xe1, 0xfe, 0xf7, 0xf8,
  0xf8, 0xf8, 0xf5, 0xf6, 0xf6, 0xd6, 0xe9, 0xeb, 0xec, 0x84, 0xd4, 0xd5,
  0xd6, 0x29, 0xc7, 0xc7, 0xca, 0x07, 0xb7, 0xb7, 0xc0, 0x00, 0xbd, 0xbd,
  0xc4, 0x00, 0x00, 0x00, 0x00, 0x00, 0x00, 0x00, 0x00, 0x00, 0x00, 0x00,
  0x00, 0x00, 0x00, 0x00, 0x00, 0x00, 0x00, 0x00, 0x00, 0x00, 0x00, 0x00,
  0x00, 0x00, 0x00, 0x00, 0x00, 0x00, 0x00, 0x00, 0x00, 0x00, 0x00, 0x00,
  0x00, 0x00, 0x00, 0x00, 0x00, 0x00, 0x00, 0x00, 0x00, 0x00, 0x00, 0x00,
  0x00, 0x00, 0x00, 0x00, 0x00, 0x00, 0x00, 0x00, 0x00, 0x00, 0x00, 0x00,
  0x00, 0x00, 0x00, 0x00, 0x00, 0x00, 0x00, 0x00, 0x00, 0x00, 0x00, 0x00,
  0x00, 0x00, 0x00, 0x00, 0x00, 0x00, 0x00, 0x00, 0x00, 0x00, 0x00, 0x00,
  0x00, 0x00, 0x00, 0x00, 0x00, 0x00, 0x00, 0x00, 0x00, 0x00, 0x00, 0x00,
  0x00, 0x00, 0x00, 0x00, 0x00, 0x00, 0x00, 0x00, 0x00, 0x00, 0x00, 0xff,
  0xff, 0x00, 0xd2, 0xdf, 0xdf, 0x01, 0xd3, 0xd4, 0xd4, 0x0c, 0xd7, 0xd9,
  0xda, 0x3e, 0xef, 0xf0, 0xf1, 0xb5, 0xf8, 0xf8, 0xf8, 0xec, 0xf8, 0xf8,
  0xf7, 0xfb, 0xcf, 0xd0, 0xcf, 0xfe, 0xc1, 0xc2, 0xc2, 0xfe, 0xe5, 0xe5,
  0xe5, 0xfe, 0xf9, 0xf9, 0xf9, 0xfe, 0xfe, 0xfe, 0xfe, 0xfe, 0xfe, 0xfe,
  0xfe, 0xfe, 0xf7, 0xf7, 0xf7, 0xfe, 0xbe, 0xbe, 0xbe, 0xfe, 0xda, 0xda,
  0xda, 0xfe, 0xef, 0xef, 0xef, 0xfe, 0xec, 0xed, 0xf3, 0xfe, 0x9e, 0xa5,
  0xdc, 0xfe, 0x22, 0x45, 0xc7, 0xfe, 0x70, 0x78, 0xbe, 0xfe, 0xc1, 0xc3,
  0xcd, 0xfe, 0xf6, 0xf6, 0xf8, 0xfb, 0xf8, 0xf9, 0xf9, 0xec, 0xee, 0xef,
  0xf1, 0xb6, 0xdb, 0xdb, 0xdf, 0x3e, 0xcf, 0xd1, 0xd4, 0x0c, 0xd2, 0xd8,
  0xd5, 0x01, 0xff, 0xff, 0xff, 0x00, 0x00, 0x00, 0x00, 0x00, 0x00, 0x00,
  0x00, 0x00, 0x00, 0x00, 0x00, 0x00, 0x00, 0x00, 0x00, 0x00, 0x00, 0x00,
  0x00, 0x00, 0x00, 0x00, 0x00, 0x00, 0x00, 0x00, 0x00, 0x00, 0x00, 0x00,
  0x00, 0x00, 0x00, 0x00, 0x00, 0x00, 0x00, 0x00, 0x00, 0x00, 0x00, 0x00,
  0x00, 0x00, 0x00, 0x00, 0x00, 0x00, 0x00, 0x00, 0x00, 0x00, 0x00, 0x00,
  0x00, 0x00, 0x00, 0x00, 0x00, 0x00, 0x00, 0x00, 0x00, 0x00, 0x00, 0x00,
  0x00, 0x00, 0x00, 0x00, 0x00, 0x00, 0x00, 0x00, 0x00, 0x00, 0x00, 0x00,
  0x00, 0x00, 0x00, 0x00, 0x00, 0x00, 0x00, 0x00, 0x00, 0x00, 0x00, 0x00,
  0x00, 0x00, 0x00, 0x00, 0x00, 0x00, 0xcf, 0xe5, 0xe5, 0x00, 0xc6, 0xe8,
  0xe8, 0x02, 0xd8, 0xe0, 0xe0, 0x16, 0xe4, 0xe4, 0xe4, 0x61, 0xf4, 0xf4,
  0xf4, 0xcd, 0xf8, 0xf7, 0xf7, 0xf6, 0xea, 0xea, 0xea, 0xfd, 0xc1, 0xc1,
  0xc1, 0xfe, 0xcc, 0xcb, 0xcc, 0xfe, 0xef, 0xef, 0xef, 0xfe, 0xfc, 0xfc,
  0xfc, 0xfe, 0xfe, 0xfe, 0xfe, 0xfe, 0xfe, 0xfe, 0xfe, 0xfe, 0xfe, 0xfe,
  0xfe, 0xfe, 0xf7, 0xf7, 0xf7, 0xfe, 0xbf, 0xbf, 0xbf, 0xfe, 0xda, 0xda,
  0xda, 0xfe, 0xee, 0xee, 0xee, 0xfe, 0xeb, 0xed, 0xf3, 0xfe, 0x9d, 0xa5,
  0xdf, 0xfe, 0x00, 0x3a, 0xe7, 0xfe, 0x18, 0x3e, 0xea, 0xfe, 0x5e, 0x6b,
  0xc8, 0xfe, 0xaf, 0xb5, 0xcb, 0xfe, 0xec, 0xee, 0xf1, 0xfd, 0xf9, 0xf9,
  0xf9, 0xf4, 0xf0, 0xf0, 0xf2, 0xc1, 0xe5, 0xe7, 0xe8, 0x55, 0xd8, 0xdb,
  0xdb, 0x14, 0xbb, 0xb9, 0xbe, 0x01, 0xca, 0xca, 0xcd, 0x00, 0x00, 0x00,
  0x00, 0x00, 0x00, 0x00, 0x00, 0x00, 0x00, 0x00, 0x00, 0x00, 0x00, 0x00,
  0x00, 0x00, 0x00, 0x00, 0x00, 0x00, 0x00, 0x00, 0x00, 0x00, 0x00, 0x00,
  0x00, 0x00, 0x00, 0x00, 0x00, 0x00, 0x00, 0x00, 0x00, 0x00, 0x00, 0x00,
  0x00, 0x00, 0x00, 0x00, 0x00, 0x00, 0x00, 0x00, 0x00, 0x00, 0x00, 0x00,
  0x00, 0x00, 0x00, 0x00, 0x00, 0x00, 0x00, 0x00, 0x00, 0x00, 0x00, 0x00,
  0x00, 0x00, 0x00, 0x00, 0x00, 0x00, 0x00, 0x00, 0x00, 0x00, 0x00, 0x00,
  0x00, 0x00, 0x00, 0x00, 0x00, 0x00, 0x00, 0x00, 0x00, 0x00, 0x00, 0x00,
  0x00, 0x00, 0xa6, 0xa6, 0xa6, 0x00, 0xff, 0xff, 0xff, 0x00, 0xdb, 0xdb,
  0xdb, 0x16, 0xe8, 0xe8, 0xe9, 0x6c, 0xf6, 0xf6, 0xf6, 0xd6, 0xf5, 0xf5,
  0xf5, 0xf8, 0xdc, 0xdb, 0xdb, 0xfd, 0xc5, 0xc4, 0xc5, 0xfd, 0xda, 0xd9,
  0xda, 0xfe, 0xf4, 0xf4, 0xf4, 0xfe, 0xfd, 0xfd, 0xfd, 0xfe, 0xfe, 0xfe,
  0xfe, 0xfe, 0xfe, 0xfe, 0xfe, 0xfe, 0xfe, 0xfe, 0xfe, 0xfe, 0xfe, 0xfe,
  0xfe, 0xfe, 0xf7, 0xf7, 0xf7, 0xfe, 0xbf, 0xbf, 0xbf, 0xfe, 0xd9, 0xd9,
  0xd9, 0xfe, 0xee, 0xee, 0xef, 0xfe, 0xec, 0xed, 0xf3, 0xfe, 0x9d, 0xa5,
  0xe0, 0xfe, 0x00, 0x3b, 0xe9, 0xfe, 0x06, 0x3b, 0xfd, 0xfe, 0x17, 0x3f,
  0xed, 0xfe, 0x4c, 0x5e, 0xcd, 0xfe, 0x98, 0x9f, 0xc6, 0xfd, 0xe3, 0xe4,
  0xe8, 0xfe, 0xf7, 0xf7, 0xf8, 0xf8, 0xf5, 0xf5, 0xf5, 0xd5, 0xe8, 0xe8,
  0xe9, 0x6f, 0xd9, 0xd9, 0xdb, 0x19, 0xf3, 0xf3, 0xf6, 0x00, 0x94, 0x94,
  0x94, 0x00, 0x00, 0x00, 0x00, 0x00, 0x00, 0x00, 0x00, 0x00, 0x00, 0x00,
  0x00, 0x00, 0x00, 0x00, 0x00, 0x00, 0x00, 0x00, 0x00, 0x00, 0x00, 0x00,
  0x00, 0x00, 0x00, 0x00, 0x00, 0x00, 0x00, 0x00, 0x00, 0x00, 0x00, 0x00,
  0x00, 0x00, 0x00, 0x00, 0x00, 0x00, 0x00, 0x00, 0x00, 0x00, 0x00, 0x00,
  0x00, 0x00, 0x00, 0x00, 0x00, 0x00, 0x00, 0x00, 0x00, 0x00, 0x00, 0x00,
  0x00, 0x00, 0x00, 0x00, 0x00, 0x00, 0x00, 0x00, 0x00, 0x00, 0x00, 0x00,
  0x00, 0x00, 0x00, 0x00, 0x00, 0x00, 0x00, 0x00, 0x00, 0x00, 0x00, 0x00,
  0x00, 0x00, 0xbe, 0xbe, 0xbf, 0x00, 0x98, 0x98, 0x99, 0x07, 0xe7, 0xe7,
  0xe8, 0x4c, 0xf6, 0xf6, 0xf7, 0xe0, 0xf2, 0xf2, 0xf3, 0xfa, 0xc3, 0xc3,
  0xc3, 0xfe, 0xbd, 0xbd, 0xbd, 0xfd, 0xe6, 0xe6, 0xe6, 0xfd, 0xf9, 0xf9,
  0xf9, 0xfe, 0xfd, 0xfd, 0xfd, 0xfe, 0xfc, 0xfc, 0xfc, 0xfe, 0xf9, 0xf9,
  0xf9, 0xfe, 0xf9, 0xf9, 0xf9, 0xfe, 0xfe, 0xfe, 0xfe, 0xfe, 0xfe, 0xfe,
  0xfe, 0xfe, 0xf7, 0xf7, 0xf7, 0xfe, 0xc0, 0xbf, 0xc0, 0xfe, 0xd6, 0xd6,
  0xd6, 0xfe, 0xec, 0xec, 0xec, 0xfe, 0xec, 0xed, 0xf2, 0xfe, 0x9d, 0xa5,
  0xe0, 0xfe, 0x00, 0x3b, 0xe9, 0xfe, 0x07, 0x3c, 0xff, 0xfe, 0x09, 0x3c,
  0xfd, 0xfe, 0x12, 0x3e, 0xf7, 0xfe, 0x32, 0x4c, 0xe1, 0xfe, 0x74, 0x7d,
  0xb5, 0xfe, 0xd5, 0xd7, 0xde, 0xfe, 0xf5, 0xf6, 0xf7, 0xfa, 0xf6, 0xf7,
  0xf8, 0xd7, 0xed, 0xed, 0xee, 0x4b, 0x00, 0x00, 0x00, 0x02, 0xa8, 0xa8,
  0xab, 0x00, 0x00, 0x00, 0x00, 0x00, 0x00, 0x00, 0x00, 0x00, 0x00, 0x00,
  0x00, 0x00, 0x00, 0x00, 0x00, 0x00, 0x00, 0x00, 0x00, 0x00, 0x00, 0x00,
  0x00, 0x00, 0x00, 0x00, 0x00, 0x00, 0x00, 0x00, 0x00, 0x00, 0x00, 0x00,
  0x00, 0x00, 0x00, 0x00, 0x00, 0x00, 0x00, 0x00, 0x00, 0x00, 0x00, 0x00,
  0x00, 0x00, 0x00, 0x00, 0x00, 0x00, 0x00, 0x00, 0x00, 0x00, 0x00, 0x00,
  0x00, 0x00, 0x00, 0x00, 0x00, 0x00, 0x00, 0x00, 0x00, 0x00, 0x00, 0x00,
  0x00, 0x00, 0x00, 0x00, 0x00, 0x00, 0x00, 0x00, 0x00, 0x00, 0x99, 0x99,
  0x99, 0x00, 0xe8, 0xe8, 0xea, 0x00, 0xe1, 0xe1, 0xe3, 0x25, 0xee, 0xee,
  0xef, 0x98, 0xf3, 0xf3, 0xf3, 0xf9, 0xcb, 0xcc, 0xcc, 0xfd, 0xcc, 0xcb,
  0xcc, 0xfd, 0xf2, 0xf1, 0xf1, 0xfe, 0xfd, 0xfd, 0xfc, 0xfe, 0xfd, 0xfd,
  0xfc, 0xfe, 0xf9, 0xf9, 0xf8, 0xfe, 0xe2, 0xe2, 0xe2, 0xfe, 0xb9, 0xb9,
  0xb9, 0xfe, 0xc5, 0xc5, 0xc5, 0xfe, 0xfd, 0xfd, 0xfd, 0xfe, 0xfe, 0xfe,
  0xfe, 0xfe, 0xf7, 0xf7, 0xf7, 0xfe, 0xbf, 0xbf, 0xbf, 0xfe, 0xd1, 0xd0,
  0xd0, 0xfe, 0xe9, 0xe9, 0xe9, 0xfe, 0xea, 0xec, 0xf2, 0xfe, 0x9d, 0xa5,
  0xe0, 0xfe, 0x00, 0x3b, 0xe9, 0xfe, 0x07, 0x3c, 0xff, 0xfe, 0x09, 0x3d,
  0xfe, 0xfe, 0x09, 0x3d, 0xfe, 0xfe, 0x0a, 0x3c, 0xfa, 0xfe, 0x25, 0x44,
  0xea, 0xfe, 0x6a, 0x77, 0xc0, 0xfe, 0xd0, 0xd2, 0xdf, 0xfd, 0xf4, 0xf5,
  0xf6, 0xec, 0xf3, 0xf4, 0xf4, 0x67, 0xcb, 0xca, 0xd2, 0x0d, 0xd8, 0xd8,
  0xdd, 0x00, 0x00, 0x00, 0x00, 0x00, 0x00, 0x00, 0x00, 0x00, 0x00, 0x00,
  0x00, 0x00, 0x00, 0x00, 0x00, 0x00, 0x00, 0x00, 0x00, 0x00, 0x00, 0x00,
  0x00, 0x00, 0x00, 0x00, 0x00, 0x00, 0x00, 0x00, 0x00, 0x00, 0x00, 0x00,
  0x00, 0x00, 0x00, 0x00, 0x00, 0x00, 0x00, 0x00, 0x00, 0x00, 0x00, 0x00,
  0x00, 0x00, 0x00, 0x00, 0x00, 0x00, 0x00, 0x00, 0x00, 0x00, 0x00, 0x00,
  0x00, 0x00, 0x00, 0x00, 0x00, 0x00, 0x00, 0x00, 0x00, 0x00, 0x00, 0x00,
  0x00, 0x00, 0x00, 0x00, 0x00, 0x00, 0x00, 0x00, 0x00, 0x00, 0xaa, 0xaa,
  0xaa, 0x00, 0xff, 0xff, 0xff, 0x00, 0xef, 0xef, 0xef, 0x41, 0xf4, 0xf4,
  0xf4, 0xcd, 0xec, 0xec, 0xec, 0xfc, 0xcb, 0xcb, 0xcc, 0xfd, 0xf0, 0xf0,
  0xf0, 0xfd, 0xfc, 0xfc, 0xfc, 0xfe, 0xfd, 0xfd, 0xfc, 0xfe, 0xf2, 0xf2,
  0xf2, 0xfe, 0xd4, 0xd4, 0xd4, 0xfe, 0xcb, 0xcb, 0xcb, 0xfe, 0xc0, 0xc0,
  0xc1, 0xfe, 0xc6, 0xc6, 0xc7, 0xfe, 0xfd, 0xfd, 0xfd, 0xfe, 0xfe, 0xfe,
  0xfe, 0xfe, 0xf7, 0xf7, 0xf7, 0xfe, 0xbf, 0xbe, 0xbf, 0xfe, 0xce, 0xce,
  0xce, 0xfe, 0xe6, 0xe6, 0xe6, 0xfe, 0xea, 0xeb, 0xf1, 0xfe, 0x9d, 0xa5,
  0xe0, 0xfe, 0x00, 0x3b, 0xe9, 0xfe, 0x07, 0x3c, 0xfe, 0xfe, 0x09, 0x3d,
  0xfc, 0xfe, 0x09, 0x3c, 0xfb, 0xfe, 0x09, 0x3c, 0xfe, 0xfe, 0x0a, 0x3c,
  0xfa, 0xfe, 0x31, 0x4a, 0xe2, 0xfe, 0x9e, 0xa5, 0xce, 0xfd, 0xec, 0xed,
  0xf1, 0xee, 0xff, 0xff, 0xff, 0x6c, 0xfc, 0xfc, 0xfc, 0x10, 0xfc, 0xfc,
  0xfc, 0x00, 0x00, 0x00, 0x00, 0x00, 0x00, 0x00, 0x00, 0x00, 0x00, 0x00,
  0x00, 0x00, 0x00, 0x00, 0x00, 0x00, 0x00, 0x00, 0x00, 0x00, 0x00, 0x00,
  0x00, 0x00, 0x00, 0x00, 0x00, 0x00, 0x00, 0x00, 0x00, 0x00, 0x00, 0x00,
  0x00, 0x00, 0x00, 0x00, 0x00, 0x00, 0x00, 0x00, 0x00, 0x00, 0x00, 0x00,
  0x00, 0x00, 0x00, 0x00, 0x00, 0x00, 0x00, 0x00, 0x00, 0x00, 0x00, 0x00,
  0x00, 0x00, 0x00, 0x00, 0x00, 0x00, 0x00, 0x00, 0x00, 0x00, 0x00, 0x00,
  0x00, 0x00, 0x00, 0x00, 0x00, 0x00, 0x00, 0x00, 0x00, 0x00, 0xc5, 0xc6,
  0xc6, 0x00, 0xa2, 0xa4, 0xa4, 0x08, 0xf0, 0xf0, 0xf0, 0x59, 0xf8, 0xf8,
  0xf8, 0xe0, 0xe9, 0xe9, 0xe9, 0xfd, 0xd1, 0xd1, 0xd1, 0xfe, 0xf8, 0xf7,
  0xf7, 0xfe, 0xfc, 0xfc, 0xfc, 0xfe, 0xea, 0xea, 0xea, 0xfe, 0xbf, 0xbf,
  0xbf, 0xfe, 0xd1, 0xd1, 0xd1, 0xfe, 0xf3, 0xf3, 0xf3, 0xfe, 0xdc, 0xdc,
  0xdc, 0xfe, 0xc8, 0xc9, 0xc9, 0xfe, 0xfd, 0xfd, 0xfe, 0xfe, 0xfe, 0xfe,
  0xfe, 0xfe, 0xf7, 0xf7, 0xf7, 0xfe, 0xbd, 0xbd, 0xbd, 0xfe, 0xcb, 0xcb,
  0xcb, 0xfe, 0xe5, 0xe5, 0xe5, 0xfe, 0xe9, 0xeb, 0xf1, 0xfe, 0x9d, 0xa5,
  0xdf, 0xfe, 0x00, 0x3b, 0xe9, 0xfe, 0x08, 0x3b, 0xfb, 0xfe, 0x0f, 0x39,
  0xe8, 0xfe, 0x15, 0x39, 0xd9, 0xfe, 0x0e, 0x3d, 0xf6, 0xfe, 0x08, 0x3c,
  0xfb, 0xfe, 0x2a, 0x48, 0xee, 0xfe, 0x95, 0x9e, 0xd0, 0xfd, 0xea, 0xec,
  0xf1, 0xee, 0xff, 0xff, 0xff, 0x6c, 0xff, 0xff, 0xff, 0x10, 0xff, 0xff,
  0xff, 0x00, 0x00, 0x00, 0x00, 0x00, 0x00, 0x00, 0x00, 0x00, 0x00, 0x00,
  0x00, 0x00, 0x00, 0x00, 0x00, 0x00, 0x00, 0x00, 0x00, 0x00, 0x00, 0x00,
  0x00, 0x00, 0x00, 0x00, 0x00, 0x00, 0x00, 0x00, 0x00, 0x00, 0x00, 0x00,
  0x00, 0x00, 0x00, 0x00, 0x00, 0x00, 0x00, 0x00, 0x00, 0x00, 0x00, 0x00,
  0x00, 0x00, 0x00, 0x00, 0x00, 0x00, 0x00, 0x00, 0x00, 0x00, 0x00, 0x00,
  0x00, 0x00, 0x00, 0x00, 0x00, 0x00, 0x00, 0x00, 0x00, 0x00, 0x00, 0x00,
  0x00, 0x00, 0x00, 0x00, 0x00, 0x00, 0x00, 0x00, 0x00, 0x00, 0xd6, 0xdc,
  0xdc, 0x00, 0xcb, 0xd1, 0xd2, 0x0f, 0xf2, 0xf3, 0xf2, 0x67, 0xf6, 0xf6,
  0xf5, 0xe6, 0xe2, 0xe2, 0xe2, 0xfc, 0xd6, 0xd6, 0xd6, 0xfe, 0xf8, 0xf8,
  0xf8, 0xfe, 0xf8, 0xf9, 0xf8, 0xfe, 0xcf, 0xd0, 0xcf, 0xfe, 0xd9, 0xd9,
  0xd9, 0xfe, 0xf2, 0xf2, 0xf2, 0xfd, 0xfc, 0xfd, 0xfd, 0xfd, 0xdd, 0xdd,
  0xdd, 0xfe, 0xc7, 0xc7, 0xc8, 0xfe, 0xfd, 0xfd, 0xfd, 0xfe, 0xfe, 0xfe,
  0xfe, 0xfe, 0xf7, 0xf7, 0xf7, 0xfe, 0xbc, 0xbc, 0xbc, 0xfe, 0xcc, 0xcc,
  0xcc, 0xfe, 0xe6, 0xe6, 0xe6, 0xfe, 0xea, 0xeb, 0xf1, 0xfe, 0x9e, 0xa5,
  0xe0, 0xfe, 0x00, 0x3a, 0xe9, 0xfe, 0x05, 0x3b, 0xfa, 0xfe, 0x2d, 0x47,
  0xd7, 0xfe, 0x4b, 0x5b, 0xa4, 0xfe, 0x43, 0x59, 0xcd, 0xfe, 0x1b, 0x41,
  0xed, 0xfe, 0x2b, 0x48, 0xec, 0xfe, 0x94, 0x9e, 0xd0, 0xfd, 0xea, 0xec,
  0xf1, 0xee, 0xff, 0xff, 0xff, 0x6c, 0xff, 0xff, 0xff, 0x10, 0xff, 0xff,
  0xff, 0x00, 0x00, 0x00, 0x00, 0x00, 0x00, 0x00, 0x00, 0x00, 0x00, 0x00,
  0x00, 0x00, 0x00, 0x00, 0x00, 0x00, 0x00, 0x00, 0x00, 0x00, 0x00, 0x00,
  0x00, 0x00, 0x00, 0x00, 0x00, 0x00, 0x00, 0x00, 0x00, 0x00, 0x00, 0x00,
  0x00, 0x00, 0x00, 0x00, 0x00, 0x00, 0x00, 0x00, 0x00, 0x00, 0x00, 0x00,
  0x00, 0x00, 0x00, 0x00, 0x00, 0x00, 0x00, 0x00, 0x00, 0x00, 0x00, 0x00,
  0x00, 0x00, 0x00, 0x00, 0x00, 0x00, 0x00, 0x00, 0x00, 0x00, 0x00, 0x00,
  0x00, 0x00, 0x00, 0x00, 0x00, 0x00, 0x00, 0x00, 0x00, 0x00, 0xfc, 0xfc,
  0xfc, 0x00, 0xfb, 0xfb, 0xfc, 0x10, 0xff, 0xff, 0xfe, 0x68, 0xf5, 0xf5,
  0xf4, 0xe6, 0xd6, 0xd6, 0xd6, 0xfd, 0xd6, 0xd6, 0xd6, 0xfe, 0xf8, 0xf8,
  0xf8, 0xfe, 0xf4, 0xf4, 0xf3, 0xfd, 0xd3, 0xd3, 0xd3, 0xfd, 0xea, 0xea,
  0xea, 0xfe, 0xeb, 0xec, 0xec, 0xeb, 0xe9, 0xea, 0xea, 0xe9, 0xd4, 0xd4,
  0xd4, 0xf8, 0xc4, 0xc5, 0xc5, 0xfe, 0xfd, 0xfd, 0xfd, 0xfe, 0xfe, 0xfe,
  0xfe, 0xfe, 0xf7, 0xf7, 0xf7, 0xfe, 0xbb, 0xbb, 0xbc, 0xfe, 0xdb, 0xdb,
  0xdb, 0xfe, 0xf0, 0xf0, 0xf0, 0xfe, 0xec, 0xee, 0xf4, 0xfe, 0x9d, 0xa5,
  0xdf, 0xfe, 0x00, 0x3b, 0xe9, 0xfe, 0x00, 0x3a, 0xfb, 0xfe, 0x38, 0x51,
  0xe1, 0xfe, 0x7d, 0x88, 0xb9, 0xfd, 0xa4, 0xa9, 0xc2, 0xfd, 0x65, 0x74,
  0xc3, 0xfe, 0x3c, 0x52, 0xd4, 0xfe, 0x95, 0x9e, 0xca, 0xfd, 0xea, 0xec,
  0xf1, 0xee, 0xff, 0xff, 0xff, 0x6c, 0xff, 0xff, 0xff, 0x10, 0xff, 0xff,
  0xff, 0x00, 0x00, 0x00, 0x00, 0x00, 0x00, 0x00, 0x00, 0x00, 0x00, 0x00,
  0x00, 0x00, 0x00, 0x00, 0x00, 0x00, 0x00, 0x00, 0x00, 0x00, 0x00, 0x00,
  0x00, 0x00, 0x00, 0x00, 0x00, 0x00, 0x00, 0x00, 0x00, 0x00, 0x00, 0x00,
  0x00, 0x00, 0x00, 0x00, 0x00, 0x00, 0x00, 0x00, 0x00, 0x00, 0x00, 0x00,
  0x00, 0x00, 0x00, 0x00, 0x00, 0x00, 0x00, 0x00, 0x00, 0x00, 0x00, 0x00,
  0x00, 0x00, 0x00, 0x00, 0x00, 0x00, 0x00, 0x00, 0x00, 0x00, 0x00, 0x00,
  0x00, 0x00, 0x00, 0x00, 0x00, 0x00, 0x00, 0x00, 0x00, 0x00, 0xff, 0xff,
  0xff, 0x00, 0xff, 0xff, 0xff, 0x10, 0xff, 0xff, 0xff, 0x68, 0xf5, 0xf5,
  0xf5, 0xe6, 0xd5, 0xd5, 0xd5, 0xfd, 0xd6, 0xd6, 0xd6, 0xfe, 0xf9, 0xf9,
  0xf8, 0xfe, 0xf4, 0xf3, 0xf3, 0xfd, 0xd8, 0xd7, 0xd8, 0xfd, 0xe3, 0xe3,
  0xe3, 0xfb, 0xc9, 0xc9, 0xc9, 0xae, 0xcf, 0xcf, 0xcf, 0xae, 0xcd, 0xcd,
  0xcd, 0xf1, 0xc2, 0xc2, 0xc3, 0xfe, 0xfd, 0xfd, 0xfd, 0xfe, 0xfe, 0xfe,
  0xfe, 0xfe, 0xf6, 0xf6, 0xf7, 0xff, 0xb3, 0xb4, 0xb9, 0xfe, 0xea, 0xea,
  0xec, 0xfe, 0xfb, 0xfb, 0xfb, 0xfe, 0xef, 0xf0, 0xf6, 0xfe, 0x9d, 0xa5,
  0xdf, 0xfe, 0x00, 0x3b, 0xe9, 0xfe, 0x07, 0x3c, 0xfe, 0xfe, 0x11, 0x3e,
  0xf3, 0xfe, 0x3c, 0x52, 0xd1, 0xfd, 0x86, 0x8d, 0xb3, 0xfd, 0xc8, 0xca,
  0xd7, 0xfe, 0x82, 0x8b, 0xb3, 0xfe, 0xa2, 0xa6, 0xba, 0xfd, 0xeb, 0xec,
  0xef, 0xee, 0xff, 0xff, 0xff, 0x6c, 0xfd, 0xfd, 0xfe, 0x10, 0xfd, 0xfd,
  0xfe, 0x00, 0x00, 0x00, 0x00, 0x00, 0x00, 0x00, 0x00, 0x00, 0x00, 0x00,
  0x00, 0x00, 0x00, 0x00, 0x00, 0x00, 0x00, 0x00, 0x00, 0x00, 0x00, 0x00,
  0x00, 0x00, 0x00, 0x00, 0x00, 0x00, 0x00, 0x00, 0x00, 0x00, 0x00, 0x00,
  0x00, 0x00, 0x00, 0x00, 0x00, 0x00, 0x00, 0x00, 0x00, 0x00, 0x00, 0x00,
  0x00, 0x00, 0x00, 0x00, 0x00, 0x00, 0x00, 0x00, 0x00, 0x00, 0x00, 0x00,
  0x00, 0x00, 0x00, 0x00, 0x00, 0x00, 0x00, 0x00, 0x00, 0x00, 0x00, 0x00,
  0x00, 0x00, 0x00, 0x00, 0x00, 0x00, 0x00, 0x00, 0x00, 0x00, 0xff, 0xff,
  0xff, 0x00, 0xff, 0xff, 0xff, 0x10, 0xff, 0xff, 0xff, 0x68, 0xf5, 0xf5,
  0xf5, 0xe6, 0xd6, 0xd7, 0xd6, 0xfd, 0xd8, 0xd8, 0xd8, 0xfe, 0xf9, 0xf9,
  0xf8, 0xfe, 0xf4, 0xf4, 0xf4, 0xfe, 0xda, 0xda, 0xda, 0xfe, 0xdb, 0xdb,
  0xdb, 0xef, 0xbb, 0xbb, 0xbb, 0x93, 0xcc, 0xcd, 0xcc, 0x9e, 0xca, 0xca,
  0xcb, 0xf2, 0xc1, 0xc1, 0xc1, 0xfe, 0xfd, 0xfd, 0xfd, 0xfe, 0xfe, 0xfe,
  0xfe, 0xfe, 0xf1, 0xf3, 0xf8, 0xfe, 0x75, 0x7f, 0xc1, 0xfe, 0xa9, 0xae,
  0xc9, 0xfe, 0xe6, 0xe7, 0xec, 0xfe, 0xec, 0xee, 0xf4, 0xfe, 0x9d, 0xa5,
  0xdf, 0xfe, 0x00, 0x3b, 0xe9, 0xfe, 0x08, 0x3d, 0xff, 0xfe, 0x09, 0x3d,
  0xfd, 0xfe, 0x0e, 0x3d, 0xf6, 0xfe, 0x32, 0x4a, 0xdc, 0xfe, 0x73, 0x7c,
  0xb1, 0xfe, 0xbf, 0xc1, 0xcf, 0xfe, 0xd7, 0xd7, 0xda, 0xfd, 0xf4, 0xf4,
  0xf5, 0xed, 0xf8, 0xf8, 0xfa, 0x69, 0xe0, 0xe0, 0xe7, 0x0e, 0xe7, 0xe7,
  0xed, 0x00, 0x00, 0x00, 0x00, 0x00, 0x00, 0x00, 0x00, 0x00, 0x00, 0x00,
  0x00, 0x00, 0x00, 0x00, 0x00, 0x00, 0x00, 0x00, 0x00, 0x00, 0x00, 0x00,
  0x00, 0x00, 0x00, 0x00, 0x00, 0x00, 0x00, 0x00, 0x00, 0x00, 0x00, 0x00,
  0x00, 0x00, 0x00, 0x00, 0x00, 0x00, 0x00, 0x00, 0x00, 0x00, 0x00, 0x00,
  0x00, 0x00, 0x00, 0x00, 0x00, 0x00, 0x00, 0x00, 0x00, 0x00, 0x00, 0x00,
  0x00, 0x00, 0x00, 0x00, 0x00, 0x00, 0x00, 0x00, 0x00, 0x00, 0x00, 0x00,
  0x00, 0x00, 0x00, 0x00, 0x00, 0x00, 0x00, 0x00, 0x00, 0x00, 0xff, 0xff,
  0xff, 0x00, 0xff, 0xff, 0xff, 0x10, 0xff, 0xff, 0xff, 0x68, 0xf5, 0xf5,
  0xf4, 0xe6, 0xd8, 0xd8, 0xd8, 0xfd, 0xda, 0xdb, 0xda, 0xfe, 0xf9, 0xf9,
  0xf8, 0xfe, 0xf3, 0xf3, 0xf3, 0xfe, 0xda, 0xda, 0xd9, 0xfe, 0xd3, 0xd4,
  0xd4, 0xe9, 0xb1, 0xb2, 0xb2, 0x8e, 0xcd, 0xcd, 0xcd, 0x9d, 0xca, 0xca,
  0xca, 0xf2, 0xc0, 0xc0, 0xc0, 0xfe, 0xfd, 0xfd, 0xfd, 0xfe, 0xfe, 0xfe,
  0xfe, 0xfe, 0xf1, 0xf2, 0xfd, 0xfe, 0x61, 0x72, 0xf3, 0xfe, 0x3f, 0x56,
  0xd0, 0xfe, 0x8e, 0x96, 0xc2, 0xfe, 0xcb, 0xcf, 0xdd, 0xfe, 0x97, 0x9f,
  0xdb, 0xfe, 0x00, 0x3b, 0xe9, 0xfe, 0x08, 0x3d, 0xff, 0xfe, 0x09, 0x3d,
  0xfe, 0xfe, 0x09, 0x3d, 0xfe, 0xfe, 0x0b, 0x3c, 0xf9, 0xfe, 0x28, 0x47,
  0xe6, 0xfe, 0x6a, 0x79, 0xc5, 0xfe, 0xca, 0xce, 0xdc, 0xfd, 0xf3, 0xf4,
  0xf6, 0xed, 0xf3, 0xf3, 0xf4, 0x67, 0xc3, 0xc3, 0xcb, 0x0d, 0xd3, 0xd3,
  0xd9, 0x00, 0x00, 0x00, 0x00, 0x00, 0x00, 0x00, 0x00, 0x00, 0x00, 0x00,
  0x00, 0x00, 0x00, 0x00, 0x00, 0x00, 0x00, 0x00, 0x00, 0x00, 0x00, 0x00,
  0x00, 0x00, 0x00, 0x00, 0x00, 0x00, 0x00, 0x00, 0x00, 0x00, 0x00, 0x00,
  0x00, 0x00, 0x00, 0x00, 0x00, 0x00, 0x00, 0x00, 0x00, 0x00, 0x00, 0x00,
  0x00, 0x00, 0x00, 0x00, 0x00, 0x00, 0x00, 0x00, 0x00, 0x00, 0x00, 0x00,
  0x00, 0x00, 0x00, 0x00, 0x00, 0x00, 0x00, 0x00, 0x00, 0x00, 0x00, 0x00,
  0x00, 0x00, 0x00, 0x00, 0x00, 0x00, 0x00, 0x00, 0x00, 0x00, 0xff, 0xff,
  0xff, 0x00, 0xff, 0xff, 0xff, 0x10, 0xff, 0xff, 0xff, 0x68, 0xf5, 0xf5,
  0xf5, 0xe6, 0xd9, 0xd9, 0xd9, 0xfd, 0xdd, 0xdd, 0xdd, 0xfe, 0xfa, 0xfa,
  0xf9, 0xfe, 0xf3, 0xf3, 0xf2, 0xfe, 0xd9, 0xd9, 0xd9, 0xfe, 0xd0, 0xcf,
  0xd0, 0xe9, 0xac, 0xac, 0xac, 0x8e, 0xcd, 0xcd, 0xcd, 0x9d, 0xca, 0xca,
  0xca, 0xf2, 0xc0, 0xc0, 0xc0, 0xfe, 0xfd, 0xfd, 0xfd, 0xfe, 0xfe, 0xfe,
  0xfe, 0xfe, 0xf1, 0xf2, 0xfe, 0xfe, 0x5f, 0x71, 0xfd, 0xfe, 0x05, 0x3d,
  0xf7, 0xfe, 0x2b, 0x47, 0xe1, 0xfe, 0x5a, 0x66, 0xb2, 0xfd, 0x48, 0x5a,
  0xb9, 0xfe, 0x12, 0x3f, 0xe8, 0xfe, 0x08, 0x3c, 0xff, 0xfe, 0x09, 0x3d,
  0xfd, 0xfe, 0x09, 0x3c, 0xfc, 0xfe, 0x08, 0x3c, 0xfd, 0xfe, 0x0a, 0x3c,
  0xfa, 0xfe, 0x32, 0x4d, 0xe7, 0xfe, 0x9d, 0xa5, 0xd1, 0xfd, 0xeb, 0xec,
  0xf1, 0xee, 0xfd, 0xfd, 0xfd, 0x6b, 0xf5, 0xf5, 0xf5, 0x10, 0xf7, 0xf7,
  0xf7, 0x00, 0x00, 0x00, 0x00, 0x00, 0x00, 0x00, 0x00, 0x00, 0x00, 0x00,
  0x00, 0x00, 0x00, 0x00, 0x00, 0x00, 0x00, 0x00, 0x00, 0x00, 0x00, 0x00,
  0x00, 0x00, 0x00, 0x00, 0x00, 0x00, 0x00, 0x00, 0x00, 0x00, 0x00, 0x00,
  0x00, 0x00, 0x00, 0x00, 0x00, 0x00, 0x00, 0x00, 0x00, 0x00, 0x00, 0x00,
  0x00, 0x00, 0x00, 0x00, 0x00, 0x00, 0x00, 0x00, 0x00, 0x00, 0x00, 0x00,
  0x00, 0x00, 0x00, 0x00, 0x00, 0x00, 0x00, 0x00, 0x00, 0x00, 0x00, 0x00,
  0x00, 0x00, 0x00, 0x00, 0x00, 0x00, 0x00, 0x00, 0x00, 0x00, 0xfe, 0xff,
  0xfe, 0x00, 0xfe, 0xff, 0xff, 0x10, 0xff, 0xff, 0xff, 0x68, 0xf6, 0xf6,
  0xf4, 0xe6, 0xda, 0xda, 0xda, 0xfd, 0xdf, 0xdf, 0xdf, 0xfe, 0xfa, 0xfa,
  0xf9, 0xfe, 0xf3, 0xf3, 0xf2, 0xfe, 0xd8, 0xd7, 0xd8, 0xfe, 0xce, 0xce,
  0xce, 0xe9, 0xab, 0xab, 0xab, 0x8e, 0xcc, 0xcc, 0xcc, 0x9e, 0xca, 0xca,
  0xca, 0xf2, 0xc1, 0xc0, 0xc0, 0xfe, 0xfe, 0xfd, 0xfd, 0xfe, 0xfe, 0xfe,
  0xfe, 0xfe, 0xf1, 0xf3, 0xfe, 0xfe, 0x60, 0x73, 0xfe, 0xfe, 0x02, 0x3d,
  0xfe, 0xfe, 0x08, 0x3c, 0xfc, 0xfe, 0x14, 0x3c, 0xec, 0xfe, 0x12, 0x38,
  0xde, 0xfe, 0x09, 0x39, 0xed, 0xfe, 0x08, 0x3c, 0xfc, 0xfe, 0x0e, 0x3b,
  0xee, 0xfe, 0x13, 0x3b, 0xe1, 0xfe, 0x0d, 0x3d, 0xf6, 0xfe, 0x08, 0x3c,
  0xfc, 0xfe, 0x2a, 0x49, 0xef, 0xfe, 0x95, 0x9f, 0xd0, 0xfd, 0xea, 0xec,
  0xf1, 0xee, 0xff, 0xff, 0xff, 0x6c, 0xff, 0xff, 0xff, 0x10, 0xff, 0xff,
  0xff, 0x00, 0x00, 0x00, 0x00, 0x00, 0x00, 0x00, 0x00, 0x00, 0x00, 0x00,
  0x00, 0x00, 0x00, 0x00, 0x00, 0x00, 0x00, 0x00, 0x00, 0x00, 0x00, 0x00,
  0x00, 0x00, 0x00, 0x00, 0x00, 0x00, 0x00, 0x00, 0x00, 0x00, 0x00, 0x00,
  0x00, 0x00, 0x00, 0x00, 0x00, 0x00, 0x00, 0x00, 0x00, 0x00, 0x00, 0x00,
  0x00, 0x00, 0x00, 0x00, 0x00, 0x00, 0x00, 0x00, 0x00, 0x00, 0x00, 0x00,
  0x00, 0x00, 0x00, 0x00, 0x00, 0x00, 0x00, 0x00, 0x00, 0x00, 0x00, 0x00,
  0x00, 0x00, 0x00, 0x00, 0x00, 0x00, 0x00, 0x00, 0x00, 0x00, 0xfa, 0xff,
  0xfa, 0x00, 0xf9, 0xff, 0xf9, 0x10, 0xff, 0xff, 0xfe, 0x69, 0xf6, 0xf6,
  0xf6, 0xe6, 0xdb, 0xdb, 0xdb, 0xfd, 0xe1, 0xe1, 0xe1, 0xfe, 0xfa, 0xfa,
  0xf9, 0xfe, 0xf2, 0xf2, 0xf1, 0xfe, 0xd4, 0xd4, 0xd4, 0xfe, 0xcc, 0xcc,
  0xcc, 0xe9, 0xab, 0xab, 0xab, 0x8e, 0xcc, 0xcc, 0xcc, 0x9e, 0xc9, 0xc9,
  0xc9, 0xf2, 0xc1, 0xc1, 0xc0, 0xfe, 0xfe, 0xfd, 0xfd, 0xfe, 0xfe, 0xfe,
  0xfe, 0xfe, 0xf2, 0xf4, 0xfe, 0xfe, 0x7c, 0x8e, 0xfd, 0xfe, 0x29, 0x4d,
  0xfe, 0xfe, 0x09, 0x3c, 0xfe, 0xfe, 0x08, 0x3c, 0xfd, 0xfe, 0x08, 0x3b,
  0xfc, 0xfe, 0x08, 0x3c, 0xfc, 0xfe, 0x05, 0x3b, 0xf8, 0xfe, 0x2a, 0x47,
  0xd9, 0xfe, 0x49, 0x5b, 0xaa, 0xfe, 0x44, 0x58, 0xcd, 0xfe, 0x16, 0x3f,
  0xf2, 0xfe, 0x2a, 0x49, 0xee, 0xfe, 0x94, 0x9e, 0xd0, 0xfd, 0xea, 0xec,
  0xf1, 0xee, 0xff, 0xff, 0xff, 0x6c, 0xff, 0xff, 0xff, 0x10, 0xfe, 0xff,
  0xff, 0x00, 0x00, 0x00, 0x00, 0x00, 0x00, 0x00, 0x00, 0x00, 0x00, 0x00,
  0x00, 0x00, 0x00, 0x00, 0x00, 0x00, 0x00, 0x00, 0x00, 0x00, 0x00, 0x00,
  0x00, 0x00, 0x00, 0x00, 0x00, 0x00, 0x00, 0x00, 0x00, 0x00, 0x00, 0x00,
  0x00, 0x00, 0x00, 0x00, 0x00, 0x00, 0x00, 0x00, 0x00, 0x00, 0x00, 0x00,
  0x00, 0x00, 0x00, 0x00, 0x00, 0x00, 0x00, 0x00, 0x00, 0x00, 0x00, 0x00,
  0x00, 0x00, 0x00, 0x00, 0x00, 0x00, 0x00, 0x00, 0x00, 0x00, 0x00, 0x00,
  0x00, 0x00, 0x00, 0x00, 0x00, 0x00, 0x00, 0x00, 0x00, 0x00, 0xfe, 0xfe,
  0xfe, 0x00, 0xfe, 0xfe, 0xfe, 0x10, 0xff, 0xff, 0xff, 0x69, 0xf6, 0xf6,
  0xf4, 0xe6, 0xdc, 0xdc, 0xdc, 0xfd, 0xe3, 0xe3, 0xe2, 0xfe, 0xfa, 0xfa,
  0xf9, 0xfe, 0xf1, 0xf1, 0xf1, 0xfe, 0xd2, 0xd2, 0xd2, 0xfe, 0xcd, 0xcd,
  0xcc, 0xe8, 0xad, 0xad, 0xac, 0x8d, 0xcb, 0xcb, 0xcb, 0x9e, 0xc8, 0xc8,
  0xc8, 0xf3, 0xc0, 0xc1, 0xc0, 0xfe, 0xfd, 0xfd, 0xfd, 0xfe, 0xfe, 0xfe,
  0xfe, 0xfe, 0xfb, 0xfb, 0xfe, 0xfe, 0xdb, 0xe0, 0xfd, 0xfe, 0x81, 0x92,
  0xfd, 0xfe, 0x31, 0x52, 0xfe, 0xfe, 0x0a, 0x3d, 0xfe, 0xfe, 0x08, 0x3c,
  0xfe, 0xfe, 0x08, 0x3c, 0xfe, 0xfe, 0x00, 0x39, 0xf9, 0xfe, 0x44, 0x57,
  0xde, 0xfe, 0x90, 0x98, 0xbd, 0xfd, 0xb5, 0xb9, 0xce, 0xfd, 0x5a, 0x66,
  0xb3, 0xfe, 0x36, 0x4e, 0xdd, 0xfe, 0x95, 0x9f, 0xce, 0xfd, 0xea, 0xec,
  0xf1, 0xee, 0xff, 0xff, 0xff, 0x6c, 0xf9, 0xff, 0xff, 0x10, 0xfa, 0xff,
  0xff, 0x00, 0x00, 0x00, 0x00, 0x00, 0x00, 0x00, 0x00, 0x00, 0x00, 0x00,
  0x00, 0x00, 0x00, 0x00, 0x00, 0x00, 0x00, 0x00, 0x00, 0x00, 0x00, 0x00,
  0x00, 0x00, 0x00, 0x00, 0x00, 0x00, 0x00, 0x00, 0x00, 0x00, 0x00, 0x00,
  0x00, 0x00, 0x00, 0x00, 0x00, 0x00, 0x00, 0x00, 0x00, 0x00, 0x00, 0x00,
  0x00, 0x00, 0x00, 0x00, 0x00, 0x00, 0x00, 0x00, 0x00, 0x00, 0x00, 0x00,
  0x00, 0x00, 0x00, 0x00, 0x00, 0x00, 0x00, 0x00, 0x00, 0x00, 0x00, 0x00,
  0x00, 0x00, 0x00, 0x00, 0x00, 0x00, 0x00, 0x00, 0x00, 0x00, 0xf9, 0xf9,
  0xf9, 0x00, 0xf8, 0xf8, 0xf8, 0x11, 0xfd, 0xfd, 0xfd, 0x6a, 0xf5, 0xf5,
  0xf4, 0xe7, 0xdd, 0xdc, 0xdc, 0xfd, 0xe3, 0xe3, 0xe3, 0xfe, 0xfa, 0xfa,
  0xf9, 0xfe, 0xf1, 0xf1, 0xf0, 0xfe, 0xcf, 0xcf, 0xd0, 0xfe, 0xcd, 0xcd,
  0xce, 0xe7, 0xaf, 0xaf, 0xaf, 0x8c, 0xca, 0xca, 0xca, 0x9f, 0xc9, 0xc9,
  0xc9, 0xf3, 0xbf, 0xbf, 0xbf, 0xfe, 0xf7, 0xf8, 0xf7, 0xfe, 0xfd, 0xfd,
  0xfd, 0xfe, 0xfe, 0xfe, 0xfe, 0xff, 0xfa, 0xfb, 0xfe, 0xfe, 0xe0, 0xe4,
  0xfd, 0xfe, 0x8e, 0x9f, 0xfd, 0xfe, 0x3d, 0x5c, 0xfd, 0xfe, 0x13, 0x40,
  0xfe, 0xfe, 0x08, 0x3c, 0xfe, 0xfe, 0x07, 0x3c, 0xfe, 0xfe, 0x11, 0x3c,
  0xeb, 0xfe, 0x57, 0x65, 0xc2, 0xfe, 0xa4, 0xaa, 0xc6, 0xfe, 0xc2, 0xc5,
  0xd3, 0xfe, 0x76, 0x81, 0xb6, 0xfe, 0x9f, 0xa6, 0xc0, 0xfd, 0xeb, 0xed,
  0xf0, 0xee, 0xff, 0xff, 0xff, 0x6c, 0xfd, 0xfe, 0xfe, 0x10, 0xfd, 0xfe,
  0xfe, 0x00, 0x00, 0x00, 0x00, 0x00, 0x00, 0x00, 0x00, 0x00, 0x00, 0x00,
  0x00, 0x00, 0x00, 0x00, 0x00, 0x00, 0x00, 0x00, 0x00, 0x00, 0x00, 0x00,
  0x00, 0x00, 0x00, 0x00, 0x00, 0x00, 0x00, 0x00, 0x00, 0x00, 0x00, 0x00,
  0x00, 0x00, 0x00, 0x00, 0x00, 0x00, 0x00, 0x00, 0x00, 0x00, 0x00, 0x00,
  0x00, 0x00, 0x00, 0x00, 0x00, 0x00, 0x00, 0x00, 0x00, 0x00, 0x00, 0x00,
  0x00, 0x00, 0x00, 0x00, 0x00, 0x00, 0x00, 0x00, 0x00, 0x00, 0x00, 0x00,
  0x00, 0x00, 0x00, 0x00, 0x00, 0x00, 0x00, 0x00, 0x00, 0x00, 0xf5, 0xf5,
  0xf5, 0x00, 0xf3, 0xf3, 0xf3, 0x12, 0xfb, 0xfc, 0xfc, 0x6b, 0xf5, 0xf5,
  0xf5, 0xe7, 0xdd, 0xdc, 0xdc, 0xfd, 0xe4, 0xe4, 0xe3, 0xfe, 0xfa, 0xfa,
  0xf9, 0xfe, 0xf0, 0xf0, 0xf0, 0xfe, 0xcd, 0xcd, 0xcd, 0xfe, 0xcf, 0xcf,
  0xcf, 0xe5, 0xb2, 0xb2, 0xb2, 0x8b, 0xc9, 0xc9, 0xc9, 0x9f, 0xd8, 0xd8,
  0xd8, 0xf3, 0xbf, 0xbf, 0xc0, 0xfe, 0xc9, 0xc9, 0xca, 0xfe, 0xf2, 0xf2,
  0xf2, 0xfe, 0xfd, 0xfd, 0xfd, 0xfe, 0xfe, 0xfe, 0xfe, 0xfe, 0xfb, 0xfc,
  0xfe, 0xfe, 0xe9, 0xec, 0xfd, 0xfe, 0xa9, 0xb6, 0xfd, 0xfe, 0x57, 0x70,
  0xfd, 0xfe, 0x1a, 0x43, 0xfe, 0xfe, 0x08, 0x3b, 0xfe, 0xfe, 0x08, 0x3c,
  0xfc, 0xfe, 0x17, 0x3e, 0xee, 0xfe, 0x46, 0x58, 0xcb, 0xfe, 0x85, 0x8f,
  0xbe, 0xfe, 0xb8, 0xbb, 0xc7, 0xfe, 0xd2, 0xd3, 0xd6, 0xfd, 0xf3, 0xf4,
  0xf4, 0xed, 0xf9, 0xfa, 0xfa, 0x6a, 0xe9, 0xe9, 0xe9, 0x0f, 0xee, 0xee,
  0xee, 0x00, 0x00, 0x00, 0x00, 0x00, 0x00, 0x00, 0x00, 0x00, 0x00, 0x00,
  0x00, 0x00, 0x00, 0x00, 0x00, 0x00, 0x00, 0x00, 0x00, 0x00, 0x00, 0x00,
  0x00, 0x00, 0x00, 0x00, 0x00, 0x00, 0x00, 0x00, 0x00, 0x00, 0x00, 0x00,
  0x00, 0x00, 0x00, 0x00, 0x00, 0x00, 0x00, 0x00, 0x00, 0x00, 0x00, 0x00,
  0x00, 0x00, 0x00, 0x00, 0x00, 0x00, 0x00, 0x00, 0x00, 0x00, 0x00, 0x00,
  0x00, 0x00, 0x00, 0x00, 0x00, 0x00, 0x00, 0x00, 0x00, 0x00, 0x00, 0x00,
  0x00, 0x00, 0x00, 0x00, 0x00, 0x00, 0x00, 0x00, 0x00, 0x00, 0xf0, 0xf0,
  0xf0, 0x00, 0xed, 0xed, 0xed, 0x12, 0xf9, 0xf9, 0xf9, 0x6d, 0xf4, 0xf4,
  0xf4, 0xe8, 0xdd, 0xdd, 0xdc, 0xfd, 0xe4, 0xe3, 0xe3, 0xfe, 0xfa, 0xf9,
  0xf9, 0xfe, 0xef, 0xef, 0xef, 0xfe, 0xcc, 0xcc, 0xcc, 0xfe, 0xd1, 0xd1,
  0xd1, 0xe3, 0xb5, 0xb5, 0xb5, 0x91, 0xc9, 0xc9, 0xc9, 0xa7, 0xef, 0xef,
  0xef, 0xf6, 0xed, 0xed, 0xed, 0xfe, 0xcb, 0xcc, 0xcb, 0xfe, 0xc0, 0xc0,
  0xc0, 0xfe, 0xf0, 0xf0, 0xf0, 0xfe, 0xfc, 0xfc, 0xfc, 0xfe, 0xfd, 0xfe,
  0xfd, 0xfe, 0xfc, 0xfd, 0xfd, 0xfe, 0xf3, 0xf6, 0xfd, 0xfe, 0xbf, 0xc9,
  0xfd, 0xfe, 0x6b, 0x81, 0xfd, 0xfe, 0x20, 0x46, 0xfd, 0xfe, 0x0a, 0x3d,
  0xfe, 0xfe, 0x08, 0x3c, 0xfd, 0xfe, 0x0f, 0x3d, 0xf6, 0xfe, 0x32, 0x4c,
  0xe2, 0xfe, 0x74, 0x7f, 0xbd, 0xfe, 0xd7, 0xd9, 0xe1, 0xfd, 0xf7, 0xf7,
  0xf8, 0xed, 0xf4, 0xf4, 0xf5, 0x67, 0xcd, 0xcc, 0xd3, 0x0d, 0xda, 0xda,
  0xde, 0x00, 0x00, 0x00, 0x00, 0x00, 0x00, 0x00, 0x00, 0x00, 0x00, 0x00,
  0x00, 0x00, 0x00, 0x00, 0x00, 0x00, 0x00, 0x00, 0x00, 0x00, 0x00, 0x00,
  0x00, 0x00, 0x00, 0x00, 0x00, 0x00, 0x00, 0x00, 0x00, 0x00, 0x00, 0x00,
  0x00, 0x00, 0x00, 0x00, 0x00, 0x00, 0x00, 0x00, 0x00, 0x00, 0x00, 0x00,
  0x00, 0x00, 0x00, 0x00, 0x00, 0x00, 0x00, 0x00, 0x00, 0x00, 0x00, 0x00,
  0x00, 0x00, 0x00, 0x00, 0x00, 0x00, 0x00, 0x00, 0x00, 0x00, 0x00, 0x00,
  0x00, 0x00, 0x00, 0x00, 0x00, 0x00, 0x00, 0x00, 0x00, 0x00, 0xe6, 0xe6,
  0xe6, 0x00, 0xe1, 0xe1, 0xe1, 0x13, 0xf6, 0xf6, 0xf6, 0x6f, 0xf4, 0xf4,
  0xf4, 0xe9, 0xdd, 0xdd, 0xdd, 0xfd, 0xe4, 0xe4, 0xe4, 0xfe, 0xfa, 0xfa,
  0xf9, 0xfe, 0xf0, 0xef, 0xef, 0xfe, 0xcc, 0xcc, 0xcc, 0xfe, 0xd3, 0xd3,
  0xd3, 0xe6, 0xc8, 0xc8, 0xc8, 0xc0, 0xe0, 0xe0, 0xe0, 0xd6, 0xfa, 0xfa,
  0xfb, 0xfe, 0xf8, 0xf8, 0xf9, 0xfe, 0xed, 0xed, 0xed, 0xfe, 0xc8, 0xc8,
  0xc8, 0xfe, 0xbf, 0xbf, 0xbf, 0xfe, 0xe7, 0xe7, 0xe7, 0xfe, 0xf9, 0xf9,
  0xf8, 0xfe, 0xfd, 0xfe, 0xfd, 0xfe, 0xfe, 0xfe, 0xff, 0xfd, 0xf9, 0xfa,
  0xfe, 0xfe, 0xce, 0xd5, 0xfd, 0xfe, 0x7c, 0x8e, 0xfd, 0xfe, 0x30, 0x51,
  0xfd, 0xfe, 0x0e, 0x3e, 0xfd, 0xfe, 0x08, 0x3c, 0xfd, 0xfe, 0x0b, 0x3c,
  0xf9, 0xfe, 0x35, 0x4c, 0xdf, 0xfe, 0x9f, 0xa7, 0xce, 0xfd, 0xec, 0xed,
  0xf1, 0xee, 0xff, 0xff, 0xff, 0x6c, 0xfa, 0xfb, 0xfb, 0x10, 0xfb, 0xfb,
  0xfc, 0x00, 0x00, 0x00, 0x00, 0x00, 0x00, 0x00, 0x00, 0x00, 0x00, 0x00,
  0x00, 0x00, 0x00, 0x00, 0x00, 0x00, 0x00, 0x00, 0x00, 0x00, 0x00, 0x00,
  0x00, 0x00, 0x00, 0x00, 0x00, 0x00, 0x00, 0x00, 0x00, 0x00, 0x00, 0x00,
  0x00, 0x00, 0x00, 0x00, 0x00, 0x00, 0x00, 0x00, 0x00, 0x00, 0x00, 0x00,
  0x00, 0x00, 0x00, 0x00, 0x00, 0x00, 0x00, 0x00, 0x00, 0x00, 0x00, 0x00,
  0x00, 0x00, 0x00, 0x00, 0x00, 0x00, 0x00, 0x00, 0x00, 0x00, 0x00, 0x00,
  0x00, 0x00, 0x00, 0x00, 0x00, 0x00, 0x00, 0x00, 0x00, 0x00, 0xd8, 0xd8,
  0xd8, 0x00, 0xcf, 0xcf, 0xcf, 0x14, 0xf0, 0xf0, 0xf0, 0x71, 0xf2, 0xf3,
  0xf2, 0xe9, 0xdd, 0xdd, 0xdd, 0xfd, 0xe4, 0xe4, 0xe3, 0xfe, 0xfa, 0xfa,
  0xf9, 0xfe, 0xf0, 0xf0, 0xef, 0xfe, 0xcb, 0xcb, 0xcb, 0xfe, 0xe0, 0xe0,
  0xe0, 0xf8, 0xeb, 0xeb, 0xeb, 0xf0, 0xe9, 0xe9, 0xe9, 0xf6, 0xda, 0xda,
  0xda, 0xfe, 0xc5, 0xc5, 0xc6, 0xfe, 0xda, 0xda, 0xdb, 0xfe, 0xe6, 0xe6,
  0xe6, 0xfe, 0xca, 0xca, 0xca, 0xfe, 0xb8, 0xb8, 0xb8, 0xfe, 0xd8, 0xd8,
  0xd8, 0xfe, 0xf5, 0xf5, 0xf5, 0xfe, 0xfe, 0xfe, 0xfe, 0xfd, 0xfe, 0xfe,
  0xfe, 0xfe, 0xfb, 0xfc, 0xfd, 0xfe, 0xde, 0xe3, 0xfd, 0xfe, 0x99, 0xa7,
  0xfd, 0xfe, 0x44, 0x61, 0xfd, 0xfe, 0x12, 0x40, 0xfd, 0xfe, 0x08, 0x3c,
  0xfc, 0xfe, 0x2a, 0x48, 0xed, 0xfe, 0x95, 0x9e, 0xd0, 0xfd, 0xea, 0xeb,
  0xf0, 0xef, 0xfc, 0xfd, 0xfc, 0x6f, 0xed, 0xf2, 0xf2, 0x12, 0xf0, 0xf5,
  0xf5, 0x00, 0x00, 0x00, 0x00, 0x00, 0x00, 0x00, 0x00, 0x00, 0x00, 0x00,
  0x00, 0x00, 0x00, 0x00, 0x00, 0x00, 0x00, 0x00, 0x00, 0x00, 0x00, 0x00,
  0x00, 0x00, 0x00, 0x00, 0x00, 0x00, 0x00, 0x00, 0x00, 0x00, 0x00, 0x00,
  0x00, 0x00, 0x00, 0x00, 0x00, 0x00, 0x00, 0x00, 0x00, 0x00, 0x00, 0x00,
  0x00, 0x00, 0x00, 0x00, 0x00, 0x00, 0x00, 0x00, 0x00, 0x00, 0x00, 0x00,
  0x00, 0x00, 0x00, 0x00, 0x00, 0x00, 0x00, 0x00, 0x00, 0x00, 0x00, 0x00,
  0x00, 0x00, 0x00, 0x00, 0x00, 0x00, 0x00, 0x00, 0x00, 0x00, 0xcf, 0xcf,
  0xcf, 0x00, 0xc4, 0xc4, 0xc4, 0x15, 0xed, 0xed, 0xed, 0x72, 0xf2, 0xf2,
  0xf2, 0xea, 0xdd, 0xdd, 0xdd, 0xfd, 0xe4, 0xe4, 0xe3, 0xfe, 0xfa, 0xfa,
  0xf9, 0xfe, 0xee, 0xee, 0xee, 0xfe, 0xc2, 0xc2, 0xc2, 0xfe, 0xe1, 0xe1,
  0xe1, 0xfe, 0xfa, 0xf9, 0xf9, 0xfd, 0xf6, 0xf6, 0xf6, 0xfd, 0xd5, 0xd5,
  0xd5, 0xfe, 0xb5, 0xb5, 0xb5, 0xfe, 0xc4, 0xc4, 0xc4, 0xfe, 0xa7, 0xa7,
  0xa7, 0xfe, 0xa4, 0xa3, 0xa4, 0xfe, 0xb7, 0xb7, 0xb7, 0xfe, 0xab, 0xab,
  0xab, 0xfe, 0xd1, 0xd1, 0xd1, 0xfe, 0xf3, 0xf3, 0xf3, 0xfe, 0xfd, 0xfe,
  0xfe, 0xfe, 0xfd, 0xfe, 0xfe, 0xfe, 0xfb, 0xfc, 0xfe, 0xfe, 0xea, 0xed,
  0xfd, 0xfe, 0xb4, 0xbf, 0xfd, 0xfe, 0x52, 0x6a, 0xfd, 0xfe, 0x1b, 0x44,
  0xfc, 0xfe, 0x2b, 0x48, 0xef, 0xfe, 0x94, 0x9d, 0xd0, 0xfd, 0xe9, 0xea,
  0xf0, 0xf0, 0xf8, 0xf8, 0xf7, 0x72, 0xe1, 0xe1, 0xe2, 0x13, 0xe6, 0xe7,
  0xe7, 0x00, 0x00, 0x00, 0x00, 0x00, 0x00, 0x00, 0x00, 0x00, 0x00, 0x00,
  0x00, 0x00, 0x00, 0x00, 0x00, 0x00, 0x00, 0x00, 0x00, 0x00, 0x00, 0x00,
  0x00, 0x00, 0x00, 0x00, 0x00, 0x00, 0x00, 0x00, 0x00, 0x00, 0x00, 0x00,
  0x00, 0x00, 0x00, 0x00, 0x00, 0x00, 0x00, 0x00, 0x00, 0x00, 0x00, 0x00,
  0x00, 0x00, 0x00, 0x00, 0x00, 0x00, 0x00, 0x00, 0x00, 0x00, 0x00, 0x00,
  0x00, 0x00, 0x00, 0x00, 0x00, 0x00, 0x00, 0x00, 0x00, 0x00, 0x00, 0x00,
  0x00, 0x00, 0x00, 0x00, 0x00, 0x00, 0x00, 0x00, 0x00, 0x00, 0xc2, 0xc2,
  0xc2, 0x00, 0xb4, 0xb4, 0xb4, 0x16, 0xe8, 0xe8, 0xe8, 0x74, 0xf2, 0xf2,
  0xf2, 0xea, 0xdd, 0xdd, 0xdd, 0xfd, 0xe4, 0xe4, 0xe4, 0xfe, 0xfb, 0xfb,
  0xfa, 0xfe, 0xfa, 0xfa, 0xf9, 0xfe, 0xd3, 0xd3, 0xd3, 0xfe, 0xc1, 0xc1,
  0xc1, 0xfe, 0xde, 0xde, 0xde, 0xfe, 0xf7, 0xf7, 0xf7, 0xfe, 0xde, 0xde,
  0xde, 0xfe, 0xc4, 0xc4, 0xc4, 0xfe, 0xf2, 0xf2, 0xf2, 0xfe, 0xf6, 0xf6,
  0xf6, 0xfe, 0xeb, 0xea, 0xeb, 0xfe, 0xc2, 0xc2, 0xc3, 0xfe, 0x9b, 0x9b,
  0x9c, 0xfd, 0x8a, 0x8a, 0x8a, 0xfd, 0xcd, 0xcd, 0xcd, 0xfd, 0xf5, 0xf5,
  0xf5, 0xfe, 0xfe, 0xfe, 0xfe, 0xfe, 0xfe, 0xfe, 0xfe, 0xfe, 0xfc, 0xfd,
  0xfd, 0xfe, 0xf3, 0xf4, 0xfd, 0xfe, 0xcc, 0xd2, 0xfc, 0xfe, 0x66, 0x7b,
  0xfc, 0xfe, 0x3b, 0x55, 0xee, 0xfe, 0x96, 0x9e, 0xd0, 0xfe, 0xe8, 0xea,
  0xef, 0xf0, 0xf2, 0xf2, 0xf3, 0x74, 0xce, 0xce, 0xd2, 0x14, 0xd7, 0xd7,
  0xdb, 0x00, 0x00, 0x00, 0x00, 0x00, 0x00, 0x00, 0x00, 0x00, 0x00, 0x00,
  0x00, 0x00, 0x00, 0x00, 0x00, 0x00, 0x00, 0x00, 0x00, 0x00, 0x00, 0x00,
  0x00, 0x00, 0x00, 0x00, 0x00, 0x00, 0x00, 0x00, 0x00, 0x00, 0x00, 0x00,
  0x00, 0x00, 0x00, 0x00, 0x00, 0x00, 0x00, 0x00, 0x00, 0x00, 0x00, 0x00,
  0x00, 0x00, 0x00, 0x00, 0x00, 0x00, 0x00, 0x00, 0x00, 0x00, 0x00, 0x00,
  0x00, 0x00, 0x00, 0x00, 0x00, 0x00, 0x00, 0x00, 0x00, 0x00, 0x00, 0x00,
  0x00, 0x00, 0x00, 0x00, 0x00, 0x00, 0x00, 0x00, 0x00, 0x00, 0xc0, 0xc0,
  0xc0, 0x00, 0xb2, 0xb2, 0xb2, 0x16, 0xe6, 0xe6, 0xe6, 0x75, 0xf1, 0xf1,
  0xf1, 0xeb, 0xdd, 0xdd, 0xdd, 0xfd, 0xe2, 0xe2, 0xe1, 0xfe, 0xfa, 0xfa,
  0xfa, 0xfe, 0xfe, 0xfe, 0xfd, 0xfe, 0xfa, 0xfa, 0xf9, 0xfe, 0xdd, 0xdd,
  0xdc, 0xfe, 0xc3, 0xc2, 0xc2, 0xfe, 0xd3, 0xd3, 0xd3, 0xfe, 0xe1, 0xe1,
  0xe1, 0xfe, 0xd1, 0xd0, 0xd1, 0xfe, 0xd5, 0xd5, 0xd5, 0xfe, 0xfc, 0xfc,
  0xfc, 0xfe, 0xfd, 0xfd, 0xfd, 0xfe, 0xf9, 0xf9, 0xf9, 0xfe, 0xf6, 0xf6,
  0xf6, 0xfe, 0xe7, 0xe7, 0xe7, 0xfe, 0xde, 0xde, 0xde, 0xfd, 0xf0, 0xf0,
  0xf0, 0xfe, 0xfd, 0xfe, 0xfe, 0xfe, 0xfd, 0xfe, 0xfe, 0xfe, 0xfd, 0xfd,
  0xfd, 0xfe, 0xfd, 0xfd, 0xfd, 0xfe, 0xf7, 0xf7, 0xfd, 0xfe, 0xd7, 0xdc,
  0xfb, 0xfe, 0x80, 0x91, 0xec, 0xfe, 0xa1, 0xa9, 0xd0, 0xfe, 0xe9, 0xeb,
  0xef, 0xf0, 0xef, 0xef, 0xef, 0x75, 0xc3, 0xc3, 0xc4, 0x15, 0xcf, 0xcf,
  0xcf, 0x00, 0x00, 0x00, 0x00, 0x00, 0x00, 0x00, 0x00, 0x00, 0x00, 0x00,
  0x00, 0x00, 0x00, 0x00, 0x00, 0x00, 0x00, 0x00, 0x00, 0x00, 0x00, 0x00,
  0x00, 0x00, 0x00, 0x00, 0x00, 0x00, 0x00, 0x00, 0x00, 0x00, 0x00, 0x00,
  0x00, 0x00, 0x00, 0x00, 0x00, 0x00, 0x00, 0x00, 0x00, 0x00, 0x00, 0x00,
  0x00, 0x00, 0x00, 0x00, 0x00, 0x00, 0x00, 0x00, 0x00, 0x00, 0x00, 0x00,
  0x00, 0x00, 0x00, 0x00, 0x00, 0x00, 0x00, 0x00, 0x00, 0x00, 0x00, 0x00,
  0x00, 0x00, 0x00, 0x00, 0x00, 0x00, 0x00, 0x00, 0x00, 0x00, 0xcc, 0xcc,
  0xcc, 0x00, 0xc0, 0xc0, 0xc0, 0x14, 0xec, 0xeb, 0xec, 0x6f, 0xf5, 0xf4,
  0xf5, 0xe8, 0xe0, 0xe0, 0xe0, 0xfd, 0xc7, 0xc7, 0xc8, 0xfe, 0xf1, 0xf0,
  0xf1, 0xfe, 0xfc, 0xfb, 0xfb, 0xfe, 0xfe, 0xfe, 0xfd, 0xfe, 0xfb, 0xfb,
  0xfb, 0xfe, 0xef, 0xef, 0xef, 0xfe, 0xcf, 0xcf, 0xcf, 0xfe, 0xcb, 0xca,
  0xcb, 0xfe, 0xd2, 0xd1, 0xd2, 0xfe, 0xbe, 0xbe, 0xbe, 0xfe, 0xf9, 0xfa,
  0xfa, 0xfe, 0xfe, 0xfe, 0xfe, 0xfe, 0xfe, 0xfe, 0xfe, 0xfe, 0xfb, 0xfb,
  0xfb, 0xfe, 0xfa, 0xfa, 0xfa, 0xfe, 0xf9, 0xf9, 0xf9, 0xfe, 0xfb, 0xfb,
  0xfb, 0xfe, 0xfc, 0xfd, 0xfd, 0xfe, 0xfd, 0xfd, 0xfd, 0xfe, 0xfd, 0xfd,
  0xfd, 0xfe, 0xfd, 0xfd, 0xfd, 0xfe, 0xfc, 0xfc, 0xfc, 0xfe, 0xf2, 0xf3,
  0xf5, 0xfe, 0xc0, 0xc3, 0xd0, 0xfe, 0xcb, 0xcc, 0xd3, 0xfd, 0xf1, 0xf1,
  0xf2, 0xee, 0xf4, 0xf4, 0xf4, 0x6e, 0xd4, 0xd4, 0xd5, 0x11, 0xdd, 0xdd,
  0xdd, 0x00, 0x00, 0x00, 0x00, 0x00, 0x00, 0x00, 0x00, 0x00, 0x00, 0x00,
  0x00, 0x00, 0x00, 0x00, 0x00, 0x00, 0x00, 0x00, 0x00, 0x00, 0x00, 0x00,
  0x00, 0x00, 0x00, 0x00, 0x00, 0x00, 0x00, 0x00, 0x00, 0x00, 0x00, 0x00,
  0x00, 0x00, 0x00, 0x00, 0x00, 0x00, 0x00, 0x00, 0x00, 0x00, 0x00, 0x00,
  0x00, 0x00, 0x00, 0x00, 0x00, 0x00, 0x00, 0x00, 0x00, 0x00, 0x00, 0x00,
  0x00, 0x00, 0x00, 0x00, 0x00, 0x00, 0x00, 0x00, 0x00, 0x00, 0x00, 0x00,
  0x00, 0x00, 0x00, 0x00, 0x00, 0x00, 0x00, 0x00, 0x00, 0x00, 0xbf, 0xbf,
  0xbf, 0x00, 0x9b, 0x9b, 0x9a, 0x08, 0xeb, 0xeb, 0xec, 0x53, 0xf8, 0xf8,
  0xf8, 0xd6, 0xf3, 0xf4, 0xf3, 0xfc, 0xcf, 0xcf, 0xcf, 0xfe, 0xca, 0xca,
  0xca, 0xfe, 0xea, 0xea, 0xea, 0xfe, 0xf9, 0xfa, 0xf9, 0xfe, 0xfd, 0xfd,
  0xfd, 0xfe, 0xfd, 0xfd, 0xfd, 0xfe, 0xf3, 0xf3, 0xf3, 0xfe, 0xd2, 0xd2,
  0xd2, 0xfe, 0xb1, 0xb1, 0xb1, 0xfe, 0xc0, 0xc0, 0xc0, 0xfe, 0xe1, 0xe1,
  0xe1, 0xfe, 0xfc, 0xfc, 0xfc, 0xfe, 0xfb, 0xfb, 0xfb, 0xfe, 0xdf, 0xdf,
  0xdf, 0xfd, 0xd9, 0xd9, 0xd9, 0xfd, 0xe1, 0xe1, 0xe1, 0xfe, 0xe7, 0xe7,
  0xe7, 0xfe, 0xee, 0xee, 0xee, 0xfe, 0xf6, 0xf6, 0xf6, 0xfe, 0xf9, 0xf8,
  0xf9, 0xfe, 0xf8, 0xf8, 0xf7, 0xfe, 0xef, 0xef, 0xee, 0xfd, 0xd4, 0xd4,
  0xd4, 0xfe, 0xcc, 0xcb, 0xcc, 0xfe, 0xef, 0xef, 0xf0, 0xfc, 0xf7, 0xf7,
  0xf8, 0xde, 0xec, 0xec, 0xee, 0x56, 0x7c, 0x7c, 0x8e, 0x07, 0xb7, 0xb7,
  0xbf, 0x00, 0x00, 0x00, 0x00, 0x00, 0x00, 0x00, 0x00, 0x00, 0x00, 0x00,
  0x00, 0x00, 0x00, 0x00, 0x00, 0x00, 0x00, 0x00, 0x00, 0x00, 0x00, 0x00,
  0x00, 0x00, 0x00, 0x00, 0x00, 0x00, 0x00, 0x00, 0x00, 0x00, 0x00, 0x00,
  0x00, 0x00, 0x00, 0x00, 0x00, 0x00, 0x00, 0x00, 0x00, 0x00, 0x00, 0x00,
  0x00, 0x00, 0x00, 0x00, 0x00, 0x00, 0x00, 0x00, 0x00, 0x00, 0x00, 0x00,
  0x00, 0x00, 0x00, 0x00, 0x00, 0x00, 0x00, 0x00, 0x00, 0x00, 0x00, 0x00,
  0x00, 0x00, 0x00, 0x00, 0x00, 0x00, 0x00, 0x00, 0x00, 0x00, 0xbc, 0xbc,
  0xbc, 0x00, 0xff, 0xff, 0xff, 0x00, 0xdf, 0xdf, 0xe2, 0x22, 0xec, 0xec,
  0xed, 0x87, 0xf8, 0xf8, 0xf8, 0xe6, 0xf5, 0xf5, 0xf5, 0xfb, 0xd7, 0xd6,
  0xd6, 0xfe, 0xc5, 0xc5, 0xc5, 0xfe, 0xde, 0xdf, 0xde, 0xfe, 0xf6, 0xf6,
  0xf6, 0xfe, 0xfe, 0xfd, 0xfd, 0xfe, 0xfe, 0xfe, 0xfe, 0xfe, 0xf7, 0xf7,
  0xf7, 0xfe, 0xdd, 0xdd, 0xdd, 0xfe, 0xb8, 0xb7, 0xb8, 0xfe, 0xca, 0xc9,
  0xca, 0xfe, 0xfa, 0xfa, 0xfa, 0xfe, 0xfb, 0xfb, 0xfb, 0xfe, 0xcf, 0xce,
  0xcf, 0xfd, 0xbf, 0xbf, 0xbf, 0xfd, 0xc5, 0xc5, 0xc5, 0xfe, 0xc8, 0xc8,
  0xc8, 0xfe, 0xc7, 0xc7, 0xc8, 0xfe, 0xc7, 0xc7, 0xc7, 0xfe, 0xc7, 0xc6,
  0xc7, 0xfe, 0xc6, 0xc6, 0xc6, 0xfe, 0xc4, 0xc4, 0xc4, 0xfd, 0xd2, 0xd2,
  0xd2, 0xfe, 0xf3, 0xf3, 0xf3, 0xfb, 0xf7, 0xf7, 0xf7, 0xe5, 0xea, 0xea,
  0xeb, 0x8a, 0xdc, 0xdc, 0xdf, 0x23, 0xfe, 0xfe, 0xfd, 0x00, 0xad, 0xad,
  0xb7, 0x00, 0x00, 0x00, 0x00, 0x00, 0x00, 0x00, 0x00, 0x00, 0x00, 0x00,
  0x00, 0x00, 0x00, 0x00, 0x00, 0x00, 0x00, 0x00, 0x00, 0x00, 0x00, 0x00,
  0x00, 0x00, 0x00, 0x00, 0x00, 0x00, 0x00, 0x00, 0x00, 0x00, 0x00, 0x00,
  0x00, 0x00, 0x00, 0x00, 0x00, 0x00, 0x00, 0x00, 0x00, 0x00, 0x00, 0x00,
  0x00, 0x00, 0x00, 0x00, 0x00, 0x00, 0x00, 0x00, 0x00, 0x00, 0x00, 0x00,
  0x00, 0x00, 0x00, 0x00, 0x00, 0x00, 0x00, 0x00, 0x00, 0x00, 0x00, 0x00,
  0x00, 0x00, 0x00, 0x00, 0x00, 0x00, 0x00, 0x00, 0x00, 0x00, 0x00, 0x00,
  0x00, 0x00, 0xd7, 0xd7, 0xd9, 0x00, 0xd4, 0xd4, 0xd8, 0x03, 0xd9, 0xd9,
  0xd9, 0x1c, 0xe6, 0xe6, 0xe6, 0x6a, 0xf6, 0xf6, 0xf6, 0xdb, 0xf8, 0xf8,
  0xf8, 0xf9, 0xe9, 0xe9, 0xe9, 0xfe, 0xc3, 0xc4, 0xc4, 0xfd, 0xd9, 0xd9,
  0xd9, 0xfd, 0xf5, 0xf5, 0xf5, 0xfe, 0xfd, 0xfd, 0xfd, 0xfe, 0xfe, 0xfe,
  0xfe, 0xfe, 0xfa, 0xfa, 0xfa, 0xfe, 0xf0, 0xef, 0xf0, 0xfe, 0xe8, 0xe7,
  0xe8, 0xfe, 0xf9, 0xf9, 0xf9, 0xfe, 0xfb, 0xfb, 0xfb, 0xfe, 0xde, 0xde,
  0xde, 0xfe, 0xd2, 0xd2, 0xd2, 0xfe, 0xed, 0xed, 0xed, 0xfe, 0xf8, 0xf8,
  0xf8, 0xfe, 0xf2, 0xf2, 0xf2, 0xfd, 0xed, 0xed, 0xed, 0xfe, 0xe8, 0xe8,
  0xe7, 0xfe, 0xe4, 0xe4, 0xe4, 0xfd, 0xec, 0xec, 0xec, 0xfd, 0xf7, 0xf8,
  0xf8, 0xf8, 0xf3, 0xf5, 0xf6, 0xd6, 0xe8, 0xe8, 0xea, 0x69, 0xd8, 0xd8,
  0xda, 0x1d, 0xbb, 0xbb, 0xbe, 0x03, 0xc8, 0xc8, 0xca, 0x00, 0x00, 0x00,
  0x00, 0x00, 0x00, 0x00, 0x00, 0x00, 0x00, 0x00, 0x00, 0x00, 0x00, 0x00,
  0x00, 0x00, 0x00, 0x00, 0x00, 0x00, 0x00, 0x00, 0x00, 0x00, 0x00, 0x00,
  0x00, 0x00, 0x00, 0x00, 0x00, 0x00, 0x00, 0x00, 0x00, 0x00, 0x00, 0x00,
  0x00, 0x00, 0x00, 0x00, 0x00, 0x00, 0x00, 0x00, 0x00, 0x00, 0x00, 0x00,
  0x00, 0x00, 0x00, 0x00, 0x00, 0x00, 0x00, 0x00, 0x00, 0x00, 0x00, 0x00,
  0x00, 0x00, 0x00, 0x00, 0x00, 0x00, 0x00, 0x00, 0x00, 0x00, 0x00, 0x00,
  0x00, 0x00, 0x00, 0x00, 0x00, 0x00, 0x00, 0x00, 0x00, 0x00, 0x00, 0x00,
  0x00, 0x00, 0xbf, 0xbf, 0xbf, 0x00, 0x00, 0x00, 0x00, 0x00, 0xb5, 0xb5,
  0xb1, 0x01, 0xd8, 0xd8, 0xdb, 0x15, 0xe4, 0xe4, 0xe8, 0x62, 0xf5, 0xf5,
  0xf5, 0xc9, 0xf9, 0xf9, 0xf9, 0xf4, 0xe9, 0xe9, 0xe9, 0xfd, 0xc1, 0xc1,
  0xc1, 0xfd, 0xcf, 0xce, 0xce, 0xfe, 0xf0, 0xef, 0xf0, 0xfe, 0xfc, 0xfc,
  0xfc, 0xfe, 0xfe, 0xfe, 0xfe, 0xfe, 0xfd, 0xfd, 0xfd, 0xfe, 0xfc, 0xfc,
  0xfc, 0xfe, 0xfe, 0xfe, 0xfe, 0xfe, 0xfd, 0xfd, 0xfd, 0xfe, 0xf6, 0xf6,
  0xf6, 0xfe, 0xc5, 0xc4, 0xc5, 0xfe, 0xe7, 0xe7, 0xe8, 0xfe, 0xfd, 0xfd,
  0xfd, 0xf8, 0xf9, 0xfa, 0xfa, 0xef, 0xf9, 0xf9, 0xf9, 0xee, 0xfb, 0xfb,
  0xfb, 0xf5, 0xfa, 0xfb, 0xfa, 0xf8, 0xfa, 0xfa, 0xfa, 0xf1, 0xf5, 0xf5,
  0xf7, 0xc6, 0xe3, 0xe4, 0xe4, 0x5a, 0xd7, 0xd8, 0xd9, 0x13, 0xba, 0xb9,
  0xbe, 0x01, 0x00, 0x00, 0x00, 0x00, 0x7f, 0x7f, 0x7f, 0x00, 0x00, 0x00,
  0x00, 0x00, 0x00, 0x00, 0x00, 0x00, 0x00, 0x00, 0x00, 0x00, 0x00, 0x00,
  0x00, 0x00, 0x00, 0x00, 0x00, 0x00, 0x00, 0x00, 0x00, 0x00, 0x00, 0x00,
  0x00, 0x00, 0x00, 0x00, 0x00, 0x00, 0x00, 0x00, 0x00, 0x00, 0x00, 0x00,
  0x00, 0x00, 0x00, 0x00, 0x00, 0x00, 0x00, 0x00, 0x00, 0x00, 0x00, 0x00,
  0x00, 0x00, 0x00, 0x00, 0x00, 0x00, 0x00, 0x00, 0x00, 0x00, 0x00, 0x00,
  0x00, 0x00, 0x00, 0x00, 0x00, 0x00, 0x00, 0x00, 0x00, 0x00, 0x00, 0x00,
  0x00, 0x00, 0x00, 0x00, 0x00, 0x00, 0x00, 0x00, 0x00, 0x00, 0x00, 0x00,
  0x00, 0x00, 0x00, 0x00, 0x00, 0x00, 0x00, 0x00, 0x00, 0x00, 0xf0, 0xf0,
  0xf6, 0x00, 0xc4, 0xc3, 0xcb, 0x01, 0xd7, 0xd7, 0xd9, 0x0f, 0xe1, 0xe1,
  0xe1, 0x4c, 0xef, 0xf1, 0xf1, 0xaf, 0xf8, 0xf8, 0xf8, 0xec, 0xf0, 0xef,
  0xef, 0xfd, 0xcf, 0xce, 0xcf, 0xfe, 0xc6, 0xc5, 0xc6, 0xfe, 0xe3, 0xe3,
  0xe3, 0xfe, 0xfa, 0xfa, 0xfa, 0xfe, 0xfe, 0xfe, 0xfe, 0xfe, 0xfe, 0xfe,
  0xfe, 0xfe, 0xfe, 0xfe, 0xfe, 0xfe, 0xfe, 0xfe, 0xfe, 0xfe, 0xfc, 0xfc,
  0xfb, 0xfe, 0xc4, 0xc4, 0xc4, 0xfe, 0xe2, 0xe2, 0xe2, 0xfe, 0xf6, 0xf6,
  0xf7, 0xe5, 0xee, 0xee, 0xef, 0xa3, 0xe9, 0xe9, 0xe9, 0x7e, 0xee, 0xef,
  0xef, 0x99, 0xf0, 0xf1, 0xf0, 0xaf, 0xee, 0xee, 0xee, 0x94, 0xde, 0xde,
  0xe1, 0x44, 0xd8, 0xd8, 0xda, 0x0d, 0xcc, 0xcc, 0xca, 0x01, 0xff, 0xff,
  0xff, 0x00, 0x00, 0x00, 0x00, 0x00, 0x00, 0x00, 0x00, 0x00, 0x00, 0x00,
  0x00, 0x00, 0x00, 0x00, 0x00, 0x00, 0x00, 0x00, 0x00, 0x00, 0x00, 0x00,
  0x00, 0x00, 0x00, 0x00, 0x00, 0x00, 0x00, 0x00, 0x00, 0x00, 0x00, 0x00,
  0x00, 0x00, 0x00, 0x00, 0x00, 0x00, 0x00, 0x00, 0x00, 0x00, 0x00, 0x00,
  0x00, 0x00, 0x00, 0x00, 0x00, 0x00, 0x00, 0x00, 0x00, 0x00, 0x00, 0x00,
  0x00, 0x00, 0x00, 0x00, 0x00, 0x00, 0x00, 0x00, 0x00, 0x00, 0x00, 0x00,
  0x00, 0x00, 0x00, 0x00, 0x00, 0x00, 0x00, 0x00, 0x00, 0x00, 0x00, 0x00,
  0x00, 0x00, 0x00, 0x00, 0x00, 0x00, 0x00, 0x00, 0x00, 0x00, 0x00, 0x00,
  0x00, 0x00, 0x00, 0x00, 0x00, 0x00, 0x00, 0x00, 0x00, 0x00, 0x00, 0x00,
  0x00, 0x00, 0xff, 0xff, 0xff, 0x00, 0xcc, 0xcc, 0xcc, 0x01, 0xd8, 0xd8,
  0xda, 0x07, 0xde, 0xde, 0xe2, 0x28, 0xec, 0xec, 0xed, 0x95, 0xf8, 0xf7,
  0xf7, 0xe4, 0xf7, 0xf7, 0xf7, 0xfc, 0xd9, 0xd9, 0xd9, 0xfe, 0xc0, 0xc0,
  0xc0, 0xfe, 0xdc, 0xdc, 0xdc, 0xfe, 0xfa, 0xfa, 0xfa, 0xfe, 0xfd, 0xfd,
  0xfd, 0xfe, 0xfe, 0xfe, 0xfe, 0xfe, 0xfe, 0xfe, 0xfe, 0xfe, 0xfc, 0xfd,
  0xfc, 0xfe, 0xdb, 0xdb, 0xdb, 0xfe, 0xcf, 0xce, 0xcf, 0xfe, 0xe6, 0xe6,
  0xe7, 0xeb, 0xf5, 0xf5, 0xf7, 0x80, 0xdf, 0xe0, 0xe5, 0x1b, 0xdf, 0xdf,
  0xdf, 0x13, 0xe5, 0xe5, 0xe5, 0x1a, 0xe1, 0xe2, 0xe2, 0x14, 0xd5, 0xd5,
  0xd8, 0x06, 0xd0, 0xd0, 0xd4, 0x01, 0xd0, 0xd0, 0xd4, 0x00, 0x00, 0x00,
  0x00, 0x00, 0x00, 0x00, 0x00, 0x00, 0x00, 0x00, 0x00, 0x00, 0x00, 0x00,
  0x00, 0x00, 0x00, 0x00, 0x00, 0x00, 0x00, 0x00, 0x00, 0x00, 0x00, 0x00,
  0x00, 0x00, 0x00, 0x00, 0x00, 0x00, 0x00, 0x00, 0x00, 0x00, 0x00, 0x00,
  0x00, 0x00, 0x00, 0x00, 0x00, 0x00, 0x00, 0x00, 0x00, 0x00, 0x00, 0x00,
  0x00, 0x00, 0x00, 0x00, 0x00, 0x00, 0x00, 0x00, 0x00, 0x00, 0x00, 0x00,
  0x00, 0x00, 0x00, 0x00, 0x00, 0x00, 0x00, 0x00, 0x00, 0x00, 0x00, 0x00,
  0x00, 0x00, 0x00, 0x00, 0x00, 0x00, 0x00, 0x00, 0x00, 0x00, 0x00, 0x00,
  0x00, 0x00, 0x00, 0x00, 0x00, 0x00, 0x00, 0x00, 0x00, 0x00, 0x00, 0x00,
  0x00, 0x00, 0x00, 0x00, 0x00, 0x00, 0x00, 0x00, 0x00, 0x00, 0x00, 0x00,
  0x00, 0x00, 0x00, 0x00, 0x00, 0x00, 0x00, 0x00, 0x00, 0x00, 0xcd, 0xcd,
  0xd5, 0x00, 0xd0, 0xd0, 0xd5, 0x03, 0xd6, 0xd6, 0xd6, 0x21, 0xed, 0xed,
  0xec, 0x84, 0xf7, 0xf7, 0xf7, 0xd8, 0xfa, 0xfa, 0xfa, 0xf9, 0xde, 0xde,
  0xdd, 0xfe, 0xb8, 0xb7, 0xb8, 0xfe, 0xd1, 0xd1, 0xd1, 0xfe, 0xf3, 0xf3,
  0xf3, 0xfe, 0xfd, 0xfd, 0xfc, 0xfe, 0xfd, 0xfd, 0xfd, 0xfe, 0xf6, 0xf7,
  0xf7, 0xfe, 0xdf, 0xdf, 0xdf, 0xfe, 0xc2, 0xc2, 0xc2, 0xfe, 0xda, 0xda,
  0xda, 0xf3, 0xef, 0xf0, 0xf0, 0x87, 0xd3, 0xdc, 0xdc, 0x13, 0x76, 0x54,
  0x4f, 0x00, 0xd7, 0xd7, 0xd7, 0x01, 0xcd, 0xcd, 0xcd, 0x01, 0xcc, 0xcc,
  0xcc, 0x00, 0x00, 0x00, 0x00, 0x00, 0x00, 0x00, 0x00, 0x00, 0x00, 0x00,
  0x00, 0x00, 0x00, 0x00, 0x00, 0x00, 0x00, 0x00, 0x00, 0x00, 0x00, 0x00,
  0x00, 0x00, 0x00, 0x00, 0x00, 0x00, 0x00, 0x00, 0x00, 0x00, 0x00, 0x00,
  0x00, 0x00, 0x00, 0x00, 0x00, 0x00, 0x00, 0x00, 0x00, 0x00, 0x00, 0x00,
  0x00, 0x00, 0x00, 0x00, 0x00, 0x00, 0x00, 0x00, 0x00, 0x00, 0x00, 0x00,
  0x00, 0x00, 0x00, 0x00, 0x00, 0x00, 0x00, 0x00, 0x00, 0x00, 0x00, 0x00,
  0x00, 0x00, 0x00, 0x00, 0x00, 0x00, 0x00, 0x00, 0x00, 0x00, 0x00, 0x00,
  0x00, 0x00, 0x00, 0x00, 0x00, 0x00, 0x00, 0x00, 0x00, 0x00, 0x00, 0x00,
  0x00, 0x00, 0x00, 0x00, 0x00, 0x00, 0x00, 0x00, 0x00, 0x00, 0x00, 0x00,
  0x00, 0x00, 0x00, 0x00, 0x00, 0x00, 0x00, 0x00, 0x00, 0x00, 0x00, 0x00,
  0x00, 0x00, 0x00, 0x00, 0x00, 0x00, 0x00, 0x00, 0x00, 0x00, 0x00, 0x00,
  0x00, 0x00, 0xc7, 0xc7, 0xc7, 0x00, 0xc8, 0xc8, 0xc8, 0x02, 0xd1, 0xd1,
  0xd1, 0x16, 0xe7, 0xe7, 0xe7, 0x61, 0xf3, 0xf4, 0xf4, 0xbf, 0xf9, 0xf9,
  0xfa, 0xf4, 0xea, 0xe9, 0xea, 0xfe, 0xc7, 0xc6, 0xc7, 0xfe, 0xc9, 0xc9,
  0xc9, 0xfe, 0xec, 0xec, 0xec, 0xfe, 0xf1, 0xf1, 0xf1, 0xfe, 0xd2, 0xd2,
  0xd2, 0xfd, 0xc4, 0xc4, 0xc5, 0xfd, 0xe6, 0xe6, 0xe6, 0xfe, 0xf5, 0xf5,
  0xf6, 0xe1, 0xf1, 0xf2, 0xf2, 0x72, 0xd3, 0xde, 0xde, 0x0d, 0xda, 0xe3,
  0xe3, 0x00, 0x00, 0x00, 0x00, 0x00, 0x00, 0x00, 0x00, 0x00, 0x00, 0x00,
  0x00, 0x00, 0x00, 0x00, 0x00, 0x00, 0x00, 0x00, 0x00, 0x00, 0x00, 0x00,
  0x00, 0x00, 0x00, 0x00, 0x00, 0x00, 0x00, 0x00, 0x00, 0x00, 0x00, 0x00,
  0x00, 0x00, 0x00, 0x00, 0x00, 0x00, 0x00, 0x00, 0x00, 0x00, 0x00, 0x00,
  0x00, 0x00, 0x00, 0x00, 0x00, 0x00, 0x00, 0x00, 0x00, 0x00, 0x00, 0x00,
  0x00, 0x00, 0x00, 0x00, 0x00, 0x00, 0x00, 0x00, 0x00, 0x00, 0x00, 0x00,
  0x00, 0x00, 0x00, 0x00, 0x00, 0x00, 0x00, 0x00, 0x00, 0x00, 0x00, 0x00,
  0x00, 0x00, 0x00, 0x00, 0x00, 0x00, 0x00, 0x00, 0x00, 0x00, 0x00, 0x00,
  0x00, 0x00, 0x00, 0x00, 0x00, 0x00, 0x00, 0x00, 0x00, 0x00, 0x00, 0x00,
  0x00, 0x00, 0x00, 0x00, 0x00, 0x00, 0x00, 0x00, 0x00, 0x00, 0x00, 0x00,
  0x00, 0x00, 0x00, 0x00, 0x00, 0x00, 0x00, 0x00, 0x00, 0x00, 0x00, 0x00,
  0x00, 0x00, 0x00, 0x00, 0x00, 0x00, 0x00, 0x00, 0x00, 0x00, 0x00, 0x00,
  0x00, 0x00, 0x00, 0x00, 0x00, 0x00, 0xb9, 0xb9, 0xb9, 0x00, 0xb3, 0xb3,
  0xb3, 0x01, 0xcd, 0xcc, 0xcc, 0x0a, 0xe1, 0xe3, 0xe3, 0x45, 0xf1, 0xf2,
  0xf2, 0xaa, 0xfa, 0xfa, 0xfa, 0xf1, 0xf1, 0xf1, 0xf1, 0xfd, 0xd1, 0xd1,
  0xd1, 0xfe, 0xac, 0xab, 0xac, 0xfe, 0xb0, 0xb0, 0xb1, 0xfe, 0xcb, 0xcb,
  0xcb, 0xfd, 0xee, 0xee, 0xee, 0xfc, 0xf9, 0xfa, 0xfa, 0xf6, 0xf2, 0xf3,
  0xf4, 0xad, 0xe5, 0xe5, 0xe7, 0x3d, 0x87, 0x99, 0x93, 0x01, 0xcb, 0xd0,
  0xd0, 0x00, 0x00, 0x00, 0x00, 0x00, 0x00, 0x00, 0x00, 0x00, 0x00, 0x00,
  0x00, 0x00, 0x00, 0x00, 0x00, 0x00, 0x00, 0x00, 0x00, 0x00, 0x00, 0x00,
  0x00, 0x00, 0x00, 0x00, 0x00, 0x00, 0x00, 0x00, 0x00, 0x00, 0x00, 0x00,
  0x00, 0x00, 0x00, 0x00, 0x00, 0x00, 0x00, 0x00, 0x00, 0x00, 0x00, 0x00,
  0x00, 0x00, 0x00, 0x00, 0x00, 0x00, 0x00, 0x00, 0x00, 0x00, 0x00, 0x00,
  0x00, 0x00, 0x00, 0x00, 0x00, 0x00, 0x00, 0x00, 0x00, 0x00, 0x00, 0x00,
  0x00, 0x00, 0x00, 0x00, 0x00, 0x00, 0x00, 0x00, 0x00, 0x00, 0x00, 0x00,
  0x00, 0x00, 0x00, 0x00, 0x00, 0x00, 0x00, 0x00, 0x00, 0x00, 0x00, 0x00,
  0x00, 0x00, 0x00, 0x00, 0x00, 0x00, 0x00, 0x00, 0x00, 0x00, 0x00, 0x00,
  0x00, 0x00, 0x00, 0x00, 0x00, 0x00, 0x00, 0x00, 0x00, 0x00, 0x00, 0x00,
  0x00, 0x00, 0x00, 0x00, 0x00, 0x00, 0x00, 0x00, 0x00, 0x00, 0x00, 0x00,
  0x00, 0x00, 0x00, 0x00, 0x00, 0x00, 0x00, 0x00, 0x00, 0x00, 0x00, 0x00,
  0x00, 0x00, 0x00, 0x00, 0x00, 0x00, 0x00, 0x00, 0x00, 0x00, 0xa9, 0xa9,
  0xa9, 0x00, 0x6d, 0x66, 0x66, 0x00, 0xc2, 0xc6, 0xc6, 0x05, 0xdb, 0xdd,
  0xdd, 0x35, 0xec, 0xec, 0xed, 0x97, 0xf9, 0xf9, 0xfa, 0xe6, 0xf5, 0xf5,
  0xf5, 0xfb, 0xdf, 0xdf, 0xdf, 0xfe, 0xd6, 0xd6, 0xd6, 0xfe, 0xf3, 0xf3,
  0xf3, 0xfb, 0xf9, 0xfa, 0xfa, 0xeb, 0xee, 0xef, 0xef, 0xad, 0xe1, 0xe2,
  0xe3, 0x44, 0xb6, 0xc3, 0xc4, 0x06, 0xd3, 0xe6, 0xe9, 0x00, 0x00, 0x00,
  0x00, 0x00, 0x00, 0x00, 0x00, 0x00, 0x00, 0x00, 0x00, 0x00, 0x00, 0x00,
  0x00, 0x00, 0x00, 0x00, 0x00, 0x00, 0x00, 0x00, 0x00, 0x00, 0x00, 0x00,
  0x00, 0x00, 0x00, 0x00, 0x00, 0x00, 0x00, 0x00, 0x00, 0x00, 0x00, 0x00,
  0x00, 0x00, 0x00, 0x00, 0x00, 0x00, 0x00, 0x00, 0x00, 0x00, 0x00, 0x00,
  0x00, 0x00, 0x00, 0x00, 0x00, 0x00, 0x00, 0x00, 0x00, 0x00, 0x00, 0x00,
  0x00, 0x00, 0x00, 0x00, 0x00, 0x00, 0x00, 0x00, 0x00, 0x00, 0x00, 0x00,
  0x00, 0x00, 0x00, 0x00, 0x00, 0x00, 0x00, 0x00, 0x00, 0x00, 0x00, 0x00,
  0x00, 0x00, 0x00, 0x00, 0x00, 0x00, 0x00, 0x00, 0x00, 0x00, 0x00, 0x00,
  0x00, 0x00, 0x00, 0x00, 0x00, 0x00, 0x00, 0x00, 0x00, 0x00, 0x00, 0x00,
  0x00, 0x00, 0x00, 0x00, 0x00, 0x00, 0x00, 0x00, 0x00, 0x00, 0x00, 0x00,
  0x00, 0x00, 0x00, 0x00, 0x00, 0x00, 0x00, 0x00, 0x00, 0x00, 0x00, 0x00,
  0x00, 0x00, 0x00, 0x00, 0x00, 0x00, 0x00, 0x00, 0x00, 0x00, 0x00, 0x00,
  0x00, 0x00, 0x00, 0x00, 0x00, 0x00, 0x00, 0x00, 0x00, 0x00, 0x00, 0x00,
  0x00, 0x00, 0x55, 0x55, 0x55, 0x00, 0xff, 0xff, 0xff, 0x00, 0xce, 0xd1,
  0xd0, 0x03, 0xde, 0xde, 0xe0, 0x22, 0xea, 0xea, 0xeb, 0x75, 0xf5, 0xf6,
  0xf6, 0xd2, 0xf8, 0xf9, 0xf9, 0xf6, 0xf8, 0xf8, 0xf8, 0xf7, 0xf5, 0xf6,
  0xf7, 0xd8, 0xeb, 0xeb, 0xed, 0x85, 0xde, 0xde, 0xe0, 0x2c, 0xbe, 0xc0,
  0xc0, 0x05, 0x00, 0x00, 0x00, 0x00, 0x8d, 0xa9, 0xa9, 0x00, 0x00, 0x00,
  0x00, 0x00, 0x00, 0x00, 0x00, 0x00, 0x00, 0x00, 0x00, 0x00, 0x00, 0x00,
  0x00, 0x00, 0x00, 0x00, 0x00, 0x00, 0x00, 0x00, 0x00, 0x00, 0x00, 0x00,
  0x00, 0x00, 0x00, 0x00, 0x00, 0x00, 0x00, 0x00, 0x00, 0x00, 0x00, 0x00,
  0x00, 0x00, 0x00, 0x00, 0x00, 0x00, 0x00, 0x00, 0x00, 0x00, 0x00, 0x00,
  0x00, 0x00, 0x00, 0x00, 0x00, 0x00, 0x00, 0x00, 0x00, 0x00, 0x00, 0x00,
  0x00, 0x00, 0x00, 0x00, 0x00, 0x00, 0x00, 0x00, 0x00, 0x00, 0x00, 0x00,
  0x00, 0x00, 0x00, 0x00, 0x00, 0x00, 0x00, 0x00, 0x00, 0x00, 0x00, 0x00,
  0x00, 0x00, 0x00, 0x00, 0x00, 0x00, 0x00, 0x00, 0x00, 0x00, 0x00, 0x00,
  0x00, 0x00, 0x00, 0x00, 0x00, 0x00, 0x00, 0x00, 0x00, 0x00, 0x00, 0x00,
  0x00, 0x00, 0x00, 0x00, 0x00, 0x00, 0x00, 0x00, 0x00, 0x00, 0x00, 0x00,
  0x00, 0x00, 0x00, 0x00, 0x00, 0x00, 0x00, 0x00, 0x00, 0x00, 0x00, 0x00,
  0x00, 0x00, 0x00, 0x00, 0x00, 0x00, 0x00, 0x00, 0x00, 0x00, 0x00, 0x00,
  0x00, 0x00, 0x00, 0x00, 0x00, 0x00, 0x00, 0x00, 0x00, 0x00, 0x00, 0x00,
  0x00, 0x00, 0x00, 0x00, 0x00, 0x00, 0x00, 0x00, 0x00, 0x00, 0xde, 0xde,
  0xe1, 0x00, 0xe1, 0xe1, 0xe4, 0x02, 0xd9, 0xd9, 0xdc, 0x14, 0xde, 0xde,
  0xe0, 0x51, 0xe6, 0xe7, 0xe9, 0xaa, 0xe7, 0xe8, 0xe9, 0xb2, 0xe0, 0xe0,
  0xe3, 0x58, 0xd8, 0xd8, 0xdb, 0x18, 0xcc, 0xcc, 0xce, 0x03, 0xff, 0xff,
  0xff, 0x00, 0x3f, 0x3f, 0x3f, 0x00, 0x00, 0x00, 0x00, 0x00, 0x00, 0x00,
  0x00, 0x00, 0x00, 0x00, 0x00, 0x00, 0x00, 0x00, 0x00, 0x00, 0x00, 0x00,
  0x00, 0x00, 0x00, 0x00, 0x00, 0x00, 0x00, 0x00, 0x00, 0x00, 0x00, 0x00,
  0x00, 0x00, 0x00, 0x00, 0x00, 0x00, 0x00, 0x00, 0x00, 0x00, 0x00, 0x00,
  0x00, 0x00, 0x00, 0x00, 0x00, 0x00, 0x00, 0x00, 0x00, 0x00, 0x00, 0x00,
  0x00, 0x00, 0x00, 0x00, 0x00, 0x00, 0x00, 0x00, 0x00, 0x00, 0x00, 0x00,
  0x00, 0x00, 0x00, 0x00, 0x00, 0x00, 0x00, 0x00, 0x00, 0x00, 0x00, 0x00,
  0x00, 0x00, 0x00, 0x00, 0x00, 0x00, 0x00, 0x00, 0x00, 0x00, 0x00, 0x00,
  0x00, 0x00, 0x00, 0x00, 0x00, 0x00, 0x00, 0x00, 0x00, 0x00, 0x00, 0x00,
  0x00, 0x00, 0x00, 0x00, 0x00, 0x00, 0x00, 0x00, 0x00, 0x00, 0x00, 0x00,
  0x00, 0x00, 0x00, 0x00, 0x00, 0x00, 0x00, 0x00, 0x00, 0x00, 0x00, 0x00,
  0x00, 0x00, 0x00, 0x00, 0x00, 0x00, 0x00, 0x00, 0x00, 0x00, 0x00, 0x00,
  0x00, 0x00, 0x00, 0x00, 0x00, 0x00, 0x00, 0x00, 0x00, 0x00, 0x00, 0x00,
  0x00, 0x00, 0x00, 0x00, 0x00, 0x00, 0x00, 0x00, 0x00, 0x00, 0x00, 0x00,
  0x00, 0x00, 0x00, 0x00, 0x00, 0x00, 0x00, 0x00, 0x00, 0x00, 0x00, 0x00,
  0x00, 0x00, 0x98, 0x98, 0xa2, 0x00, 0xcc, 0xcc, 0xd0, 0x01, 0xd6, 0xd6,
  0xd9, 0x06, 0xe3, 0xe4, 0xe6, 0x0f, 0xe4, 0xe5, 0xe7, 0x10, 0xd9, 0xda,
  0xdd, 0x07, 0xc9, 0xc9, 0xcd, 0x01, 0x00, 0x00, 0x00, 0x00, 0xaa, 0xaa,
  0xaa, 0x00, 0x00, 0x00, 0x00, 0x00, 0x00, 0x00, 0x00, 0x00, 0x00, 0x00,
  0x00, 0x00, 0x00, 0x00, 0x00, 0x00, 0x00, 0x00, 0x00, 0x00, 0x00, 0x00,
  0x00, 0x00, 0x00, 0x00, 0x00, 0x00, 0x00, 0x00, 0x00, 0x00, 0x00, 0x00,
  0x00, 0x00, 0x00, 0x00, 0x00, 0x00, 0x00, 0x00, 0x00, 0x00, 0x00, 0x00,
  0x00, 0x00, 0x00, 0x00, 0x00, 0x00, 0x00, 0x00, 0x00, 0x00, 0x00, 0x00,
  0x00, 0x00, 0x00, 0x00, 0x00, 0x00, 0x00, 0x00, 0x00, 0x00, 0x00, 0x00,
  0x00, 0x00, 0x00, 0x00, 0x00, 0x00, 0x00, 0x00, 0x00, 0x00, 0x00, 0x00,
  0x00, 0x00, 0x00, 0x00, 0x00, 0x00, 0x00, 0x00, 0x00, 0x00, 0x00, 0x00,
  0x00, 0x00, 0x00, 0x00, 0x00, 0x00, 0x00, 0x00, 0x00, 0x00, 0x00, 0x00,
  0x00, 0x00, 0x00, 0x00, 0x00, 0x00, 0x00, 0x00, 0x00, 0x00, 0x00, 0x00,
  0x00, 0x00, 0x00, 0x00, 0x00, 0x00, 0x00, 0x00, 0x00, 0x00, 0x00, 0x00,
  0x00, 0x00, 0x00, 0x00, 0x00, 0x00, 0x00, 0x00, 0x00, 0x00, 0x00, 0x00,
  0x00, 0x00, 0x00, 0x00, 0x00, 0x00, 0x00, 0x00, 0x00, 0x00, 0x00, 0x00,
  0x00, 0x00, 0x00, 0x00, 0x00, 0x00, 0x00, 0x00, 0x00, 0x00, 0x00, 0x00,
  0x00, 0x00, 0x00, 0x00, 0x00, 0x00, 0x00, 0x00, 0x00, 0x00, 0x00, 0x00,
  0x00, 0x00, 0x00, 0x00, 0x00, 0x00, 0x00, 0x00, 0x00, 0x00, 0x00, 0x00,
  0x00, 0x00, 0x00, 0x00, 0x00, 0x00, 0x00, 0x00, 0x00, 0x00, 0x00, 0x00,
  0x00, 0x00, 0x00, 0x00, 0x00, 0x00, 0x00, 0x00, 0x00, 0x00, 0x00, 0x00,
  0x00, 0x00, 0x00, 0x00, 0x00, 0x00, 0x00, 0x00, 0x00, 0x00, 0x00, 0x00,
  0x00, 0x00, 0x00, 0x00, 0x00, 0x00, 0x00, 0x00, 0x00, 0x00, 0x00, 0x00,
  0x00, 0x00, 0x00, 0x00, 0x00, 0x00, 0x00, 0x00, 0x00, 0x00, 0x00, 0x00,
  0x00, 0x00, 0x00, 0x00, 0x00, 0x00, 0x00, 0x00, 0x00, 0x00, 0x00, 0x00,
  0x00, 0x00, 0x00, 0x00, 0x00, 0x00, 0x00, 0x00, 0x00, 0x00, 0x00, 0x00,
  0x00, 0x00, 0x00, 0x00, 0x00, 0x00, 0x00, 0x00, 0x00, 0x00, 0x00, 0x00,
  0x00, 0x00, 0x00, 0x00, 0x00, 0x00, 0x00, 0x00, 0x00, 0x00, 0x00, 0x00,
  0x00, 0x00, 0x00, 0x00, 0x00, 0x00, 0x00, 0x00, 0x00, 0x00, 0x00, 0x00,
  0x00, 0x00, 0x00, 0x00, 0x00, 0x00, 0x00, 0x00, 0x00, 0x00, 0x00, 0x00,
  0x00, 0x00, 0x00, 0x00, 0x00, 0x00, 0x00, 0x00, 0x00, 0x00, 0x00, 0x00,
  0x00, 0x00, 0x00, 0x00, 0x00, 0x00, 0x00, 0x00, 0x00, 0x00, 0x00, 0x00,
  0x00, 0x00, 0x00, 0x00, 0x00, 0x00, 0x00, 0x00, 0x00, 0x00, 0x00, 0x00,
  0x00, 0x00, 0x00, 0x00, 0x00, 0x00, 0x00, 0x00, 0x00, 0x00, 0x00, 0x00,
  0x00, 0x00, 0x00, 0x00, 0x00, 0x00, 0x00, 0x00, 0x00, 0x00, 0x00, 0x00,
  0x00, 0x00, 0x00, 0x00, 0x00, 0x00, 0x00, 0x00, 0x00, 0x00, 0x00, 0x00,
  0x00, 0x00, 0x00, 0x00, 0x00, 0x00, 0x00, 0x00, 0x00, 0x00, 0x00, 0x00,
  0x00, 0x00, 0x00, 0x00, 0x00, 0x00, 0x00, 0x00, 0x00, 0x00, 0x00, 0x00,
  0x00, 0x00, 0x00, 0x00, 0x00, 0x00, 0x00, 0x00, 0x00, 0x00, 0x00, 0x00,
  0x00, 0x00, 0x00, 0x00, 0x00, 0x00, 0x00, 0x00, 0x00, 0x00, 0x00, 0x00,
  0x00, 0x00, 0x00, 0x00, 0x00, 0x00, 0x00, 0x00, 0x00, 0x00, 0x00, 0x00,
  0x00, 0x00, 0x00, 0x00, 0x00, 0x00, 0x00, 0x00, 0x00, 0x00, 0x00, 0x00,
  0x00, 0x00, 0x00, 0x00, 0x00, 0x00, 0x00, 0x00, 0x00, 0x00, 0x00, 0x00,
  0x00, 0x00, 0x00, 0x00, 0x00, 0x00, 0x00, 0x00, 0x00, 0x00, 0x00, 0x00,
  0x00, 0x00, 0x00, 0x00, 0x00, 0x00, 0x00, 0x00, 0x00, 0x00, 0x00, 0x00,
  0x00, 0x00, 0x00, 0x00, 0x00, 0x00, 0x00, 0x00, 0x00, 0x00, 0x00, 0x00,
  0x00, 0x00, 0x00, 0x00, 0x00, 0x00, 0xff, 0xff, 0xff, 0xdf, 0xff, 0xff,
  0xfc, 0x00, 0xff, 0xff, 0xff, 0x07, 0xff, 0xff, 0xfc, 0x00, 0xff, 0xff,
  0xfc, 0x02, 0x7f, 0xff, 0xfc, 0x00, 0xff, 0xff, 0xf8, 0x00, 0x3f, 0xff,
  0xfc, 0x00, 0xff, 0xff, 0xf0, 0x00, 0x1f, 0xff, 0xfc, 0x00, 0xff, 0xff,
  0xc0, 0x00, 0x07, 0xff, 0xfc, 0x00, 0xff, 0xff, 0x80, 0x00, 0x03, 0xff,
  0xfc, 0x00, 0xff, 0xff, 0x00, 0x00, 0x01, 0xff, 0xfc, 0x00, 0xff, 0xfc,
  0x00, 0x00, 0x00, 0x7f, 0xfc, 0x00, 0xff, 0xf8, 0x00, 0x00, 0x00, 0x3f,
  0xfc, 0x00, 0xff, 0xf8, 0x00, 0x00, 0x00, 0x3f, 0xfc, 0x00, 0xff, 0xf0,
  0x00, 0x00, 0x00, 0x1f, 0xfc, 0x00, 0xff, 0xf0, 0x00, 0x00, 0x00, 0x1f,
  0xfc, 0x00, 0xff, 0xf0, 0x00, 0x00, 0x00, 0x1f, 0xfc, 0x00, 0xff, 0xe0,
  0x00, 0x00, 0x00, 0x1f, 0xfc, 0x00, 0xff, 0xe0, 0x00, 0x00, 0x00, 0x1f,
  0xfc, 0x00, 0xff, 0xe0, 0x00, 0x00, 0x00, 0x1f, 0xfc, 0x00, 0xff, 0xe0,
  0x00, 0x00, 0x00, 0x1f, 0xfc, 0x00, 0xff, 0xe0, 0x00, 0x00, 0x00, 0x1f,
  0xfc, 0x00, 0xff, 0xe0, 0x00, 0x00, 0x00, 0x1f, 0xfc, 0x00, 0xff, 0xe0,
  0x00, 0x00, 0x00, 0x1f, 0xfc, 0x00, 0xff, 0xe0, 0x00, 0x00, 0x00, 0x1f,
  0xfc, 0x00, 0xff, 0xe0, 0x00, 0x00, 0x00, 0x1f, 0xfc, 0x00, 0xff, 0xe0,
  0x00, 0x00, 0x00, 0x1f, 0xfc, 0x00, 0xff, 0xe0, 0x00, 0x00, 0x00, 0x1f,
  0xfc, 0x00, 0xff, 0xe0, 0x00, 0x00, 0x00, 0x1f, 0xfc, 0x00, 0xff, 0xe0,
  0x00, 0x00, 0x00, 0x1f, 0xfc, 0x00, 0xff, 0xe0, 0x00, 0x00, 0x00, 0x1f,
  0xfc, 0x00, 0xff, 0xe0, 0x00, 0x00, 0x00, 0x1f, 0xfc, 0x00, 0xff, 0xe0,
  0x00, 0x00, 0x00, 0x1f, 0xfc, 0x00, 0xff, 0xe0, 0x00, 0x00, 0x00, 0x1f,
  0xfc, 0x00, 0xff, 0xe0, 0x00, 0x00, 0x00, 0x1f, 0xfc, 0x00, 0xff, 0xe0,
  0x00, 0x00, 0x00, 0x1f, 0xfc, 0x00, 0xff, 0xe0, 0x00, 0x00, 0x00, 0x1f,
  0xfc, 0x00, 0xff, 0xf0, 0x00, 0x00, 0x00, 0x3f, 0xfc, 0x00, 0xff, 0xf0,
  0x00, 0x00, 0x00, 0x3f, 0xfc, 0x00, 0xff, 0xf8, 0x00, 0x00, 0x00, 0x7f,
  0xfc, 0x00, 0xff, 0xfc, 0x00, 0x00, 0x00, 0xff, 0xfc, 0x00, 0xff, 0xfe,
  0x00, 0x00, 0x01, 0xff, 0xfc, 0x00, 0xff, 0xff, 0x80, 0x00, 0x27, 0xff,
  0xfc, 0x00, 0xff, 0xff, 0xc0, 0x00, 0x3f, 0xff, 0xfc, 0x00, 0xff, 0xff,
  0xe0, 0x00, 0x3f, 0xff, 0xfc, 0x00, 0xff, 0xff, 0xf8, 0x00, 0x7f, 0xff,
  0xfc, 0x00, 0xff, 0xff, 0xfc, 0x00, 0xff, 0xff, 0xfc, 0x00, 0xff, 0xff,
  0xfe, 0x01, 0xff, 0xff, 0xfc, 0x00, 0xff, 0xff, 0xff, 0x03, 0xff, 0xff,
  0xfc, 0x00, 0xff, 0xff, 0xff, 0xff, 0xff, 0xff, 0xfc, 0x00, 0xff, 0xff,
  0xff, 0xff, 0xff, 0xff, 0xfc, 0x00
};
unsigned int favicon_ico_len = 17070;
